Season,Team,Date,Venue,xG,xGA,npxG,npxGA,PPDA,PPDA_Allowed,DeepCompletions,DeepCompletionsAllowed,GoalsScored,GoalsConceded,Result,Points,ExpectedPoints
2015,Aston Villa,2015-08-08 18:00:00,Away,0.782253,0.876106,0.782253,0.876106,11.846153846153847,6.9,2,11,1,0,w,3,1.2481
2015,Aston Villa,2015-08-14 22:45:00,Home,0.219118,0.660404,0.219118,0.660404,10.033333333333333,9.5,3,5,0,1,l,0,0.7821
2015,Aston Villa,2015-08-22 18:00:00,Away,0.765278,1.23807,0.765278,1.23807,8.476190476190476,8.166666666666666,6,9,1,2,l,0,0.9601
2015,Aston Villa,2015-08-29 18:00:00,Home,2.27406,0.368848,1.51289,0.368848,8.636363636363637,7.35,12,3,2,2,d,1,2.7246
2015,Aston Villa,2015-09-13 19:00:00,Away,0.953181,1.34987,0.953181,1.34987,8.409090909090908,7.151515151515151,5,11,2,3,l,0,1.0342
2015,Aston Villa,2015-09-19 18:00:00,Home,0.876719,0.632761,0.876719,0.632761,6.12,8.413793103448276,5,2,0,1,l,0,1.5584
2015,Aston Villa,2015-09-26 18:00:00,Away,0.892054,1.78331,0.892054,1.78331,26.416666666666668,7.413793103448276,2,11,2,3,l,0,0.7259
2015,Aston Villa,2015-10-03 18:00:00,Home,0.839028,1.03499,0.839028,1.03499,7.633333333333334,8.32258064516129,7,3,0,1,l,0,1.1661
2015,Aston Villa,2015-10-17 18:00:00,Away,0.795846,1.22875,0.795846,1.22875,9.761904761904763,5.409090909090909,2,6,0,2,l,0,0.9563
2015,Aston Villa,2015-10-24 18:00:00,Home,1.09516,1.74353,1.09516,1.74353,10.36,6.730769230769231,4,4,1,2,l,0,0.8114000000000001
2015,Aston Villa,2015-11-03 00:00:00,Away,0.325711,1.14374,0.325711,1.14374,14.333333333333334,5.961538461538462,1,7,1,3,l,0,0.6095999999999999
2015,Aston Villa,2015-11-08 17:30:00,Home,0.182741,1.53281,0.182741,1.53281,33.0,6.851851851851852,1,12,0,0,d,1,0.2445
2015,Aston Villa,2015-11-21 19:00:00,Away,0.322061,2.83068,0.322061,2.83068,17.208333333333332,11.285714285714286,2,6,0,4,l,0,0.0867
2015,Aston Villa,2015-11-28 19:00:00,Home,1.48969,1.45176,1.48969,1.45176,5.055555555555555,9.75,6,7,2,3,l,0,1.4017
2015,Aston Villa,2015-12-05 19:00:00,Away,1.058,2.86051,1.058,2.86051,24.166666666666668,7.363636363636363,2,8,1,1,d,1,0.3557
2015,Aston Villa,2015-12-13 17:30:00,Home,1.00876,1.68498,1.00876,0.923815,16.68421052631579,10.125,6,11,0,2,l,0,0.7763
2015,Aston Villa,2015-12-19 21:30:00,Away,0.404373,1.28189,0.404373,1.28189,5.758620689655173,10.857142857142858,2,6,1,1,d,1,0.5649
2015,Aston Villa,2015-12-26 19:00:00,Home,1.61235,0.836027,0.851178,0.836027,7.2272727272727275,8.884615384615385,7,1,1,1,d,1,2.0286
2015,Aston Villa,2015-12-28 19:00:00,Away,0.235874,1.10319,0.235874,1.10319,5.666666666666667,9.041666666666666,0,3,0,2,l,0,0.4994
2015,Aston Villa,2016-01-02 19:00:00,Away,0.27956,0.761225,0.27956,0.761225,9.636363636363637,11.173913043478262,1,6,1,3,l,0,0.8098000000000001
2015,Aston Villa,2016-01-12 23:45:00,Home,0.551973,0.547913,0.551973,0.547913,10.458333333333334,7.285714285714286,6,1,1,0,w,3,1.2633999999999999
2015,Aston Villa,2016-01-16 21:30:00,Home,0.665386,2.21525,0.665386,1.45408,10.842105263157896,9.846153846153847,8,5,1,1,d,1,0.2929
2015,Aston Villa,2016-01-23 19:00:00,Away,0.562461,0.23184,0.562461,0.23184,5.5,9.421052631578947,4,1,0,0,d,1,1.6199
2015,Aston Villa,2016-02-02 23:45:00,Away,0.107888,2.34619,0.107888,2.34619,14.956521739130435,4.666666666666667,2,13,0,2,l,0,0.062
2015,Aston Villa,2016-02-06 19:00:00,Home,0.918291,1.1413,0.918291,1.1413,8.863636363636363,6.25,1,5,2,0,w,3,1.1397
2015,Aston Villa,2016-02-14 18:05:00,Home,0.174868,2.00756,0.174868,2.00756,12.419354838709678,6.515151515151516,2,10,0,6,l,0,0.14250000000000002
2015,Aston Villa,2016-02-27 19:00:00,Away,0.414343,2.04047,0.414343,1.2793,11.826086956521738,10.529411764705882,3,9,1,2,l,0,0.16670000000000001
2015,Aston Villa,2016-03-01 23:45:00,Home,0.60177,2.63668,0.60177,2.63668,14.12,16.2,12,5,1,3,l,0,0.2259
2015,Aston Villa,2016-03-05 19:00:00,Away,0.121136,2.83271,0.121136,2.07154,38.45454545454545,5.382352941176471,2,25,0,4,l,0,0.0462
2015,Aston Villa,2016-03-13 20:00:00,Home,1.84022,2.00141,1.84022,2.00141,13.52,6.521739130434782,4,8,0,2,l,0,1.3058999999999998
2015,Aston Villa,2016-03-19 21:30:00,Away,0.730828,0.490469,0.730828,0.490469,6.725,5.482758620689655,2,6,0,1,l,0,1.5336
2015,Aston Villa,2016-04-02 15:45:00,Home,0.72512,2.49358,0.72512,1.73241,15.192307692307692,7.851851851851852,6,8,0,4,l,0,0.2488
2015,Aston Villa,2016-04-09 18:00:00,Home,0.220872,1.0038,0.220872,1.0038,18.058823529411764,5.527777777777778,2,3,1,2,l,0,0.5634
2015,Aston Villa,2016-04-16 18:00:00,Away,0.262427,1.09127,0.262427,1.09127,21.076923076923077,7.863636363636363,1,14,0,1,l,0,0.5611999999999999
2015,Aston Villa,2016-04-23 18:00:00,Home,1.47192,3.6648,1.47192,3.6648,21.4,5.972972972972973,2,19,2,4,l,0,0.31520000000000004
2015,Aston Villa,2016-04-30 18:00:00,Away,0.491793,1.36255,0.491793,1.36255,17.88888888888889,6.538461538461538,1,10,2,3,l,0,0.6463
2015,Aston Villa,2016-05-07 18:00:00,Home,0.0312154,1.09626,0.0312154,1.09626,13.578947368421053,7.703703703703703,0,5,0,0,d,1,0.316
2015,Aston Villa,2016-05-15 18:00:00,Away,0.222731,3.40207,0.222731,3.40207,24.454545454545453,7.1875,2,21,0,4,l,0,0.0403
2015,Everton,2015-08-08 18:00:00,Home,0.604226,0.557892,0.604226,0.557892,6.65,17.157894736842106,5,4,2,2,d,1,1.3301
2015,Everton,2015-08-15 15:45:00,Away,1.39628,1.06214,1.39628,1.06214,15.8125,8.826086956521738,5,10,3,0,w,3,1.6702
2015,Everton,2015-08-23 19:00:00,Home,0.579338,1.57983,0.579338,1.57983,19.25,9.36,3,9,0,2,l,0,0.5594
2015,Everton,2015-08-29 20:30:00,Away,0.694692,1.99917,0.694692,1.99917,18.53846153846154,7.4375,6,11,0,0,d,1,0.4685
2015,Everton,2015-09-12 15:45:00,Home,1.18026,0.656048,1.18026,0.656048,15.047619047619047,7.615384615384615,4,7,3,1,w,3,1.8557
2015,Everton,2015-09-19 18:00:00,Away,1.77458,0.864868,1.77458,0.864868,9.0,8.576923076923077,12,4,0,0,d,1,2.0648999999999997
2015,Everton,2015-09-28 23:00:00,Away,2.30159,1.27511,2.30159,1.27511,9.6,11.0,5,6,3,2,w,3,2.1372
2015,Everton,2015-10-04 16:30:00,Home,1.20063,1.30844,1.20063,1.30844,12.823529411764707,6.275862068965517,4,12,1,1,d,1,1.2713999999999999
2015,Everton,2015-10-17 18:00:00,Home,0.653457,1.47853,0.653457,1.47853,10.74074074074074,11.826086956521738,5,6,0,3,l,0,0.7069
2015,Everton,2015-10-24 20:30:00,Away,0.373025,2.55754,0.373025,2.55754,8.0,6.297297297297297,1,19,1,2,l,0,0.1347
2015,Everton,2015-11-01 17:30:00,Home,2.34852,1.21834,2.34852,1.21834,15.363636363636363,15.0,11,8,6,2,w,3,2.1862
2015,Everton,2015-11-07 19:00:00,Away,1.08814,0.589567,1.08814,0.589567,18.125,13.5,6,2,1,1,d,1,1.8237
2015,Everton,2015-11-21 19:00:00,Home,2.83068,0.322061,2.83068,0.322061,11.285714285714286,17.208333333333332,6,2,4,0,w,3,2.8598999999999997
2015,Everton,2015-11-28 19:00:00,Away,0.729005,1.69105,0.729005,1.69105,12.869565217391305,6.315789473684211,5,5,3,3,d,1,0.6453
2015,Everton,2015-12-08 00:00:00,Home,1.69774,1.1905,1.69774,1.1905,7.695652173913044,8.833333333333334,13,2,1,1,d,1,1.7825
2015,Everton,2015-12-12 16:45:00,Away,2.43558,1.49283,2.43558,1.49283,19.1,18.36842105263158,9,4,1,1,d,1,2.0434
2015,Everton,2015-12-19 19:00:00,Home,1.48982,2.02911,1.48982,0.506775,8.8,8.368421052631579,9,6,2,3,l,0,0.8674999999999999
2015,Everton,2015-12-26 21:30:00,Away,1.69923,1.35711,1.69923,1.35711,6.166666666666667,13.136363636363637,13,1,1,0,w,3,1.6143999999999998
2015,Everton,2015-12-28 19:00:00,Home,2.2472,1.58159,2.2472,0.82042,10.8,9.366666666666667,14,6,3,4,l,0,1.8754999999999997
2015,Everton,2016-01-03 20:00:00,Home,0.721603,0.75907,0.721603,0.75907,20.352941176470587,6.076923076923077,4,6,1,1,d,1,1.2901
2015,Everton,2016-01-13 23:45:00,Away,0.369548,1.44957,0.369548,1.44957,23.555555555555557,14.095238095238095,7,17,0,0,d,1,0.4961
2015,Everton,2016-01-16 19:00:00,Away,1.5891,2.44864,1.5891,2.44864,17.105263157894736,7.7317073170731705,4,10,3,3,d,1,0.7072
2015,Everton,2016-01-24 17:30:00,Home,1.94094,1.08055,1.94094,0.319377,12.2,11.962962962962964,8,2,1,2,l,0,2.049
2015,Everton,2016-02-03 23:45:00,Home,2.48447,0.626239,0.96213,0.626239,6.34375,13.6,7,3,3,0,w,3,2.7017
2015,Everton,2016-02-06 19:00:00,Away,3.05913,0.693548,2.298,0.693548,13.217391304347826,7.217391304347826,3,14,3,0,w,3,2.7538
2015,Everton,2016-02-13 19:00:00,Home,1.82912,1.1974,1.82912,1.1974,3.1153846153846154,18.533333333333335,19,4,0,1,l,0,1.8246000000000002
2015,Everton,2016-03-01 23:45:00,Away,2.63668,0.60177,2.63668,0.60177,16.2,14.12,5,12,3,1,w,3,2.67
2015,Everton,2016-03-05 19:00:00,Home,2.09025,2.72091,1.32909,2.72091,14.2,6.928571428571429,2,6,2,3,l,0,0.9748999999999999
2015,Everton,2016-03-19 16:45:00,Home,0.58617,1.92384,0.58617,1.92384,5.594594594594595,8.17142857142857,5,9,0,2,l,0,0.3628
2015,Everton,2016-04-03 19:00:00,Away,0.755625,0.998692,0.755625,0.998692,10.4,7.242424242424242,4,8,0,1,l,0,1.0479
2015,Everton,2016-04-09 18:00:00,Away,1.59979,0.408379,1.59979,0.408379,8.588235294117647,11.652173913043478,3,8,1,1,d,1,2.3721
2015,Everton,2016-04-13 23:00:00,Away,0.759269,1.59025,0.759269,1.59025,14.529411764705882,8.391304347826088,9,12,0,0,d,1,0.7405999999999999
2015,Everton,2016-04-16 18:00:00,Home,0.318721,1.38323,0.318721,1.38323,16.0,5.942857142857143,1,15,1,1,d,1,0.4755
2015,Everton,2016-04-20 23:00:00,Away,0.0886329,3.24472,0.0886329,3.24472,24.0,4.757575757575758,0,18,0,4,l,0,0.038
2015,Everton,2016-04-30 18:00:00,Home,0.95281,1.42599,0.95281,1.42599,9.875,17.944444444444443,9,9,2,1,w,3,0.9667000000000001
2015,Everton,2016-05-07 20:30:00,Away,1.30184,4.50525,1.30184,2.98291,6.384615384615385,16.736842105263158,6,9,1,3,l,0,0.11829999999999999
2015,Everton,2016-05-11 22:45:00,Away,1.16563,2.44887,1.16563,2.44887,9.625,14.952380952380953,10,8,0,3,l,0,0.47709999999999997
2015,Everton,2016-05-15 18:00:00,Home,2.40775,0.43016,1.64658,0.43016,6.758620689655173,9.095238095238095,14,10,3,0,w,3,2.7277
2015,Bournemouth,2015-08-08 18:00:00,Home,0.876106,0.782253,0.876106,0.782253,6.9,11.846153846153847,11,2,0,1,l,0,1.3912
2015,Bournemouth,2015-08-17 23:00:00,Away,0.460805,2.15062,0.460805,2.15062,10.0,6.413793103448276,6,9,0,1,l,0,0.27790000000000004
2015,Bournemouth,2015-08-22 18:00:00,Away,2.8554,1.50203,2.09423,0.740861,10.722222222222221,9.909090909090908,7,3,4,3,w,3,2.3362999999999996
2015,Bournemouth,2015-08-29 18:00:00,Home,0.321432,0.919097,0.321432,0.157928,7.05,5.166666666666667,4,6,1,1,d,1,0.5519000000000001
2015,Bournemouth,2015-09-12 18:00:00,Away,0.389495,1.33151,0.389495,1.33151,11.631578947368421,9.961538461538462,3,7,1,3,l,0,0.5201
2015,Bournemouth,2015-09-19 18:00:00,Home,0.644335,0.854867,0.644335,0.854867,8.518518518518519,9.26923076923077,7,2,2,0,w,3,1.0754
2015,Bournemouth,2015-09-26 18:00:00,Away,0.871678,1.94483,0.871678,1.94483,9.95,10.428571428571429,8,3,1,2,l,0,0.5436
2015,Bournemouth,2015-10-03 18:00:00,Home,1.50268,0.913291,0.741506,0.913291,11.944444444444445,9.884615384615385,1,3,1,1,d,1,1.8976
2015,Bournemouth,2015-10-17 18:00:00,Away,0.173025,4.71274,0.173025,4.71274,14.80952380952381,14.31578947368421,4,12,1,5,l,0,0.0021
2015,Bournemouth,2015-10-25 18:05:00,Home,0.490581,3.43313,0.490581,2.67196,12.347826086956522,5.513513513513513,5,5,1,5,l,0,0.052599999999999994
2015,Bournemouth,2015-11-01 20:00:00,Away,0.712132,1.15966,0.712132,1.15966,12.5,15.777777777777779,9,9,0,2,l,0,0.8964
2015,Bournemouth,2015-11-07 16:45:00,Home,1.00427,0.504409,1.00427,0.504409,4.65625,14.863636363636363,7,0,0,1,l,0,1.7409
2015,Bournemouth,2015-11-21 19:00:00,Away,1.58509,1.88526,1.58509,1.12409,9.826086956521738,9.666666666666666,11,5,2,2,d,1,1.1082
2015,Bournemouth,2015-11-28 19:00:00,Home,1.69105,0.729005,1.69105,0.729005,6.315789473684211,12.869565217391305,5,5,3,3,d,1,2.1249000000000002
2015,Bournemouth,2015-12-05 21:30:00,Away,1.25911,1.66952,1.25911,1.66952,7.606060606060606,5.0,3,15,1,0,w,3,1.0566
2015,Bournemouth,2015-12-12 21:30:00,Home,1.05032,1.96768,1.05032,1.96768,8.827586206896552,9.545454545454545,5,3,2,1,w,3,0.6603000000000001
2015,Bournemouth,2015-12-19 19:00:00,Away,1.89177,0.698255,1.1306,0.698255,8.0,16.5625,3,3,2,1,w,3,2.3606
2015,Bournemouth,2015-12-26 19:00:00,Home,0.871395,0.405181,0.871395,0.405181,5.264705882352941,9.777777777777779,5,4,0,0,d,1,1.7828
2015,Bournemouth,2015-12-28 21:30:00,Away,0.343752,3.12958,0.343752,3.12958,9.96774193548387,11.037037037037036,8,11,0,2,l,0,0.0687
2015,Bournemouth,2016-01-02 19:00:00,Away,1.2593,2.28506,1.2593,1.52389,11.095238095238095,10.192307692307692,3,5,0,0,d,1,0.6100000000000001
2015,Bournemouth,2016-01-12 23:45:00,Home,0.729546,1.18455,0.729546,1.18455,8.03448275862069,9.761904761904763,2,6,1,3,l,0,0.9062000000000001
2015,Bournemouth,2016-01-16 19:00:00,Home,2.53086,0.595472,1.76969,0.595472,9.454545454545455,8.181818181818182,3,1,3,0,w,3,2.6899
2015,Bournemouth,2016-01-23 19:00:00,Away,1.26851,0.612134,1.26851,0.612134,6.555555555555555,18.8125,6,5,1,1,d,1,1.9499000000000002
2015,Bournemouth,2016-02-03 00:00:00,Away,1.17427,1.62395,1.17427,1.62395,11.375,7.12,3,6,2,1,w,3,0.9916
2015,Bournemouth,2016-02-07 17:30:00,Home,0.584316,1.13957,0.584316,1.13957,8.3,10.958333333333334,12,7,0,2,l,0,0.8295
2015,Bournemouth,2016-02-13 19:00:00,Home,1.19427,0.927348,1.19427,0.927348,8.722222222222221,14.285714285714286,7,2,1,3,l,0,1.5917
2015,Bournemouth,2016-02-27 19:00:00,Away,0.955252,1.00481,0.955252,1.00481,4.862068965517241,7.25,3,3,0,0,d,1,1.3144
2015,Bournemouth,2016-03-01 23:45:00,Home,1.41228,0.954161,1.41228,0.954161,8.407407407407407,7.05,3,7,2,0,w,3,1.7553
2015,Bournemouth,2016-03-05 19:00:00,Away,1.26853,0.833931,1.26853,0.833931,6.314285714285714,7.59375,9,4,3,1,w,3,1.6828
2015,Bournemouth,2016-03-12 19:00:00,Home,0.70756,1.09562,0.70756,1.09562,7.838709677419355,5.696969696969697,4,3,3,2,w,3,0.9548000000000001
2015,Bournemouth,2016-03-20 20:00:00,Away,0.120366,2.02694,0.120366,2.02694,21.352941176470587,6.121212121212121,0,6,0,3,l,0,0.125
2015,Bournemouth,2016-04-02 18:00:00,Home,1.3239,0.868303,1.3239,0.868303,10.653846153846153,11.461538461538462,4,10,0,4,l,0,1.7761
2015,Bournemouth,2016-04-09 18:00:00,Away,1.0038,0.220872,1.0038,0.220872,5.527777777777778,18.058823529411764,3,2,2,1,w,3,2.0883
2015,Bournemouth,2016-04-17 16:30:00,Home,0.85914,1.81443,0.85914,1.81443,8.272727272727273,20.733333333333334,3,8,1,2,l,0,0.6436
2015,Bournemouth,2016-04-23 18:00:00,Home,0.575087,2.07192,0.575087,2.07192,7.7631578947368425,11.19047619047619,4,9,1,4,l,0,0.3752
2015,Bournemouth,2016-04-30 18:00:00,Away,1.42599,0.95281,1.42599,0.95281,17.944444444444443,9.875,9,9,1,2,l,0,1.7467000000000001
2015,Bournemouth,2016-05-07 18:00:00,Home,0.814964,1.34282,0.814964,0.581655,8.285714285714286,16.61111111111111,4,2,1,1,d,1,0.8299000000000001
2015,Bournemouth,2016-05-17 23:00:00,Away,0.503471,1.72109,0.503471,1.72109,16.38095238095238,11.368421052631579,5,14,1,3,l,0,0.4323
2015,Southampton,2015-08-09 16:30:00,Away,1.2529,1.54613,1.2529,1.54613,7.0,12.722222222222221,5,3,2,2,d,1,1.0512000000000001
2015,Southampton,2015-08-15 15:45:00,Home,1.06214,1.39628,1.06214,1.39628,8.826086956521738,15.8125,10,5,0,3,l,0,1.0453
2015,Southampton,2015-08-23 19:00:00,Away,0.68359,1.17588,0.68359,1.17588,7.407407407407407,9.045454545454545,2,2,0,0,d,1,0.8077000000000001
2015,Southampton,2015-08-30 16:30:00,Home,2.85501,0.639434,2.85501,0.639434,10.333333333333334,25.583333333333332,2,2,3,0,w,3,2.8164000000000002
2015,Southampton,2015-09-12 18:00:00,Away,1.00731,0.409143,1.00731,0.409143,8.555555555555555,20.41176470588235,7,5,0,0,d,1,1.8984999999999999
2015,Southampton,2015-09-20 19:00:00,Home,1.83663,1.65119,1.83663,1.65119,17.45,12.235294117647058,7,4,2,3,l,0,1.5090999999999999
2015,Southampton,2015-09-26 18:00:00,Home,1.55418,1.41962,1.55418,0.658453,11.703703703703704,11.11111111111111,10,4,3,1,w,3,1.4093
2015,Southampton,2015-10-03 20:30:00,Away,1.58246,0.520175,1.58246,0.520175,14.2,8.727272727272727,5,5,3,1,w,3,2.22
2015,Southampton,2015-10-17 18:00:00,Home,1.46668,2.78648,1.46668,2.78648,9.0625,6.625,5,8,2,2,d,1,0.5771999999999999
2015,Southampton,2015-10-25 20:15:00,Away,1.56383,0.682823,1.56383,0.682823,9.027027027027026,10.882352941176471,9,11,1,1,d,1,2.2381
2015,Southampton,2015-11-01 20:00:00,Home,1.15966,0.712132,1.15966,0.712132,15.777777777777779,12.5,9,9,2,0,w,3,1.7889
2015,Southampton,2015-11-07 19:00:00,Away,1.79578,0.299104,1.03461,0.299104,7.315789473684211,19.571428571428573,6,3,1,0,w,3,2.6003000000000003
2015,Southampton,2015-11-21 19:00:00,Home,0.709485,1.19495,0.709485,1.19495,10.19047619047619,16.615384615384617,15,3,0,1,l,0,0.923
2015,Southampton,2015-11-28 19:00:00,Away,1.24478,2.12331,1.24478,2.12331,9.944444444444445,7.472222222222222,4,6,1,3,l,0,0.6959
2015,Southampton,2015-12-05 19:00:00,Home,2.86051,1.058,2.86051,1.058,7.363636363636363,24.166666666666668,8,2,1,1,d,1,2.5012999999999996
2015,Southampton,2015-12-12 19:00:00,Away,0.890411,1.31177,0.890411,1.31177,5.826086956521739,10.0,5,5,0,1,l,0,0.9666999999999999
2015,Southampton,2015-12-19 19:00:00,Home,0.83385,1.47453,0.83385,1.47453,4.2444444444444445,6.730769230769231,5,6,0,2,l,0,0.8049
2015,Southampton,2015-12-26 23:45:00,Home,2.4303,0.83106,2.4303,0.83106,15.476190476190476,8.38888888888889,4,7,4,0,w,3,2.5212
2015,Southampton,2015-12-28 21:30:00,Away,1.3709,1.79562,1.3709,1.79562,6.184210526315789,14.166666666666666,8,2,1,2,l,0,1.0192
2015,Southampton,2016-01-02 19:00:00,Away,0.932294,1.50509,0.932294,1.50509,8.88888888888889,22.181818181818183,10,4,0,1,l,0,0.8583000000000001
2015,Southampton,2016-01-13 23:45:00,Home,1.7224,0.11543,1.7224,0.11543,9.161290322580646,14.733333333333333,4,1,2,0,w,3,2.6302
2015,Southampton,2016-01-16 19:00:00,Home,1.42623,0.410757,0.665057,0.410757,9.882352941176471,13.0,5,7,3,0,w,3,2.3504
2015,Southampton,2016-01-23 19:00:00,Away,0.83591,0.187217,0.83591,0.187217,6.935483870967742,10.5,2,3,1,0,w,3,2.0202
2015,Southampton,2016-02-02 23:45:00,Away,0.93405,3.38487,0.93405,3.38487,6.9,3.21875,5,13,0,0,d,1,0.1773
2015,Southampton,2016-02-06 21:30:00,Home,1.06493,0.970583,1.06493,0.970583,12.478260869565217,7.894736842105263,4,7,1,0,w,3,1.4716
2015,Southampton,2016-02-13 19:00:00,Away,1.19353,0.699012,1.19353,0.699012,14.117647058823529,7.037037037037037,4,7,1,0,w,3,1.7671999999999999
2015,Southampton,2016-02-27 19:00:00,Home,1.01074,0.631036,1.01074,0.631036,12.074074074074074,12.857142857142858,4,13,1,2,l,0,1.7265000000000001
2015,Southampton,2016-03-01 23:45:00,Away,0.954161,1.41228,0.954161,1.41228,7.05,8.407407407407407,7,3,0,2,l,0,0.9372
2015,Southampton,2016-03-05 19:00:00,Home,1.54587,1.31562,1.54587,1.31562,4.3,12.85,17,3,1,1,d,1,1.523
2015,Southampton,2016-03-12 19:00:00,Away,0.874966,1.06676,0.874966,1.06676,10.407407407407407,6.791666666666667,7,8,2,1,w,3,1.1408
2015,Southampton,2016-03-20 17:30:00,Home,1.56873,1.29046,0.735648,1.29046,9.64,17.53846153846154,10,6,3,2,w,3,1.6048
2015,Southampton,2016-04-03 16:30:00,Away,0.670068,1.38701,0.670068,1.38701,15.6,10.529411764705882,6,6,0,1,l,0,0.7299
2015,Southampton,2016-04-09 18:00:00,Home,1.78477,0.165982,1.78477,0.165982,9.62962962962963,21.4,10,1,3,1,w,3,2.6416000000000004
2015,Southampton,2016-04-16 18:00:00,Away,1.38323,0.318721,1.38323,0.318721,5.942857142857143,16.0,15,1,1,1,d,1,2.2653
2015,Southampton,2016-04-23 18:00:00,Away,3.6648,1.47192,3.6648,1.47192,5.972972972972973,21.4,19,2,4,2,w,3,2.5787
2015,Southampton,2016-05-01 19:30:00,Home,2.84362,1.12719,2.84362,1.12719,10.151515151515152,5.411764705882353,10,1,4,2,w,3,2.5820999999999996
2015,Southampton,2016-05-08 16:30:00,Away,1.30812,2.55547,1.30812,2.55547,10.862068965517242,5.7,4,11,2,1,w,3,0.5295
2015,Southampton,2016-05-15 18:00:00,Home,2.32278,1.24857,1.56161,1.24857,10.789473684210526,9.68421052631579,7,5,4,1,w,3,2.1475
2015,Leicester,2015-08-08 18:00:00,Home,2.56803,1.45946,1.80686,1.45946,10.88,9.555555555555555,5,6,4,2,w,3,2.1323
2015,Leicester,2015-08-15 18:00:00,Away,1.80939,0.513491,1.80939,0.513491,15.045454545454545,6.375,5,10,2,1,w,3,2.5134
2015,Leicester,2015-08-22 18:00:00,Home,0.829012,1.89437,0.829012,1.89437,15.578947368421053,4.947368421052632,5,5,1,1,d,1,0.583
2015,Leicester,2015-08-29 18:00:00,Away,0.919097,0.321432,0.157928,0.321432,5.166666666666667,7.05,6,4,1,1,d,1,2.1203
2015,Leicester,2015-09-13 19:00:00,Home,1.34987,0.953181,1.34987,0.953181,7.151515151515151,8.409090909090908,11,5,3,2,w,3,1.6654
2015,Leicester,2015-09-19 18:00:00,Away,1.22582,1.14717,0.464652,1.14717,6.0,6.956521739130435,3,2,2,2,d,1,1.4325
2015,Leicester,2015-09-26 18:00:00,Home,1.38516,3.89623,1.38516,3.89623,10.333333333333334,6.7727272727272725,8,17,2,5,l,0,0.24419999999999997
2015,Leicester,2015-10-03 18:00:00,Away,3.00282,1.18074,2.24168,1.18074,10.217391304347826,11.555555555555555,5,5,2,1,w,3,2.5357999999999996
2015,Leicester,2015-10-17 18:00:00,Away,2.78648,1.46668,2.78648,1.46668,6.625,9.0625,8,5,2,2,d,1,2.2377
2015,Leicester,2015-10-24 18:00:00,Home,1.33502,0.240008,1.33502,0.240008,13.526315789473685,11.636363636363637,2,5,1,0,w,3,2.633
2015,Leicester,2015-10-31 19:00:00,Away,2.22545,1.50447,2.22545,0.743302,7.0,30.0,4,9,3,2,w,3,1.9245999999999999
2015,Leicester,2015-11-07 19:00:00,Home,1.56389,1.00531,0.802721,0.244137,10.551724137931034,9.764705882352942,0,3,2,1,w,3,1.8369999999999997
2015,Leicester,2015-11-21 19:00:00,Away,3.27478,0.372387,3.27478,0.372387,8.083333333333334,9.833333333333334,12,1,3,0,w,3,2.9301
2015,Leicester,2015-11-28 21:30:00,Home,0.876256,1.05613,0.876256,1.05613,15.380952380952381,4.782608695652174,3,3,1,1,d,1,1.1676
2015,Leicester,2015-12-05 19:00:00,Away,2.20962,0.780602,2.20962,0.780602,13.88,10.157894736842104,5,6,3,0,w,3,2.3715
2015,Leicester,2015-12-15 00:00:00,Home,0.708846,2.26887,0.708846,2.26887,7.135135135135135,4.173913043478261,5,8,2,1,w,3,0.30920000000000003
2015,Leicester,2015-12-19 19:00:00,Away,2.02911,1.48982,0.506775,1.48982,8.368421052631579,8.8,6,9,3,2,w,3,1.8476
2015,Leicester,2015-12-26 19:00:00,Away,0.505167,1.37933,0.505167,1.37933,16.41176470588235,3.730769230769231,5,10,0,1,l,0,0.6398999999999999
2015,Leicester,2015-12-29 23:45:00,Home,0.810377,1.66777,0.810377,1.66777,11.5,4.642857142857143,4,13,0,0,d,1,0.7044
2015,Leicester,2016-01-02 19:00:00,Home,2.28506,1.2593,1.52389,1.2593,10.192307692307692,11.095238095238095,5,3,0,0,d,1,2.1675999999999997
2015,Leicester,2016-01-14 00:00:00,Away,0.588708,1.2301,0.588708,1.2301,10.090909090909092,4.88,4,7,1,0,w,3,0.8108
2015,Leicester,2016-01-16 21:30:00,Away,2.21525,0.665386,1.45408,0.665386,9.846153846153847,10.842105263157896,5,8,1,1,d,1,2.5672
2015,Leicester,2016-01-23 19:00:00,Home,2.25906,0.340483,2.25906,0.340483,10.91304347826087,6.8076923076923075,6,3,3,0,w,3,2.7176
2015,Leicester,2016-02-02 23:45:00,Home,1.34566,0.580791,1.34566,0.580791,10.72,6.045454545454546,0,11,2,0,w,3,2.0709999999999997
2015,Leicester,2016-02-06 16:45:00,Away,2.50168,1.70719,2.50168,1.70719,12.105263157894736,4.44,6,15,3,1,w,3,1.9157000000000002
2015,Leicester,2016-02-14 16:00:00,Away,1.31246,2.36319,0.551294,2.36319,9.085714285714285,4.857142857142857,2,23,1,2,l,0,0.6979
2015,Leicester,2016-02-27 19:00:00,Home,1.7645,0.814784,1.7645,0.814784,7.647058823529412,10.65,5,2,1,0,w,3,2.2216000000000005
2015,Leicester,2016-03-01 23:45:00,Home,3.04626,1.29485,3.04626,1.29485,4.28,15.866666666666667,14,2,2,2,d,1,2.512
2015,Leicester,2016-03-05 21:30:00,Away,1.47042,0.829318,1.47042,0.829318,7.655172413793103,8.695652173913043,5,10,1,0,w,3,1.8761
2015,Leicester,2016-03-14 00:00:00,Home,0.846771,0.518715,0.846771,0.518715,9.807692307692308,12.2,5,7,1,0,w,3,1.6149
2015,Leicester,2016-03-19 19:00:00,Away,1.20315,0.784339,1.20315,0.784339,7.352941176470588,4.846153846153846,8,3,1,0,w,3,1.6994999999999998
2015,Leicester,2016-04-03 16:30:00,Home,1.38701,0.670068,1.38701,0.670068,10.529411764705882,15.6,6,6,1,0,w,3,1.9857000000000002
2015,Leicester,2016-04-10 16:30:00,Away,2.60072,0.872232,2.60072,0.872232,6.583333333333333,6.28,11,8,2,0,w,3,2.546
2015,Leicester,2016-04-17 16:30:00,Home,1.95296,1.56819,1.19179,0.807021,12.705882352941176,5.793103448275862,5,6,2,2,d,1,1.7091
2015,Leicester,2016-04-24 19:15:00,Home,3.31579,0.576457,3.31579,0.576457,10.054054054054054,4.717948717948718,4,1,4,0,w,3,2.9135
2015,Leicester,2016-05-01 17:05:00,Away,1.16622,1.18462,1.16622,1.18462,11.375,3.869565217391304,6,10,1,1,d,1,1.3694
2015,Leicester,2016-05-07 20:30:00,Home,4.50525,1.30184,2.98291,1.30184,16.736842105263158,6.384615384615385,9,6,3,1,w,3,2.8282000000000003
2015,Leicester,2016-05-15 18:00:00,Away,1.23491,1.86065,1.23491,1.09948,7.2631578947368425,14.8125,9,18,1,1,d,1,0.8909
2015,West Brom,2015-08-10 23:00:00,Home,0.435238,1.9242,0.435238,1.9242,23.294117647058822,8.08695652173913,4,8,0,3,l,0,0.3543
2015,West Brom,2015-08-15 18:00:00,Away,0.684036,0.760848,0.684036,0.760848,11.5,5.9523809523809526,4,3,0,0,d,1,1.2504
2015,West Brom,2015-08-23 16:30:00,Home,1.42622,2.02778,0.665049,2.02778,14.823529411764707,17.5,4,8,2,3,l,0,0.9259999999999999
2015,West Brom,2015-08-29 18:00:00,Away,0.881194,1.21771,0.881194,1.21771,8.96774193548387,23.88888888888889,8,2,1,0,w,3,0.9317
2015,West Brom,2015-09-12 18:00:00,Home,0.409143,1.00731,0.409143,1.00731,20.41176470588235,8.555555555555555,5,7,0,0,d,1,0.7587999999999999
2015,West Brom,2015-09-19 18:00:00,Away,0.632761,0.876719,0.632761,0.876719,8.413793103448276,6.12,2,5,1,0,w,3,1.0709
2015,West Brom,2015-09-28 23:00:00,Home,1.27511,2.30159,1.27511,2.30159,11.0,9.6,6,5,2,3,l,0,0.6471
2015,West Brom,2015-10-03 15:45:00,Away,0.255528,1.99083,0.255528,1.22966,10.523809523809524,4.2,1,3,0,2,l,0,0.16570000000000001
2015,West Brom,2015-10-17 18:00:00,Home,2.07781,0.658473,2.07781,0.658473,9.421052631578947,9.173913043478262,2,5,1,0,w,3,2.5696000000000003
2015,West Brom,2015-10-24 18:00:00,Away,1.45436,1.03228,1.45436,1.03228,13.588235294117647,7.611111111111111,3,6,1,0,w,3,1.7524
2015,West Brom,2015-10-31 19:00:00,Home,1.50447,2.22545,0.743302,2.22545,30.0,7.0,9,4,2,3,l,0,0.8301999999999999
2015,West Brom,2015-11-07 19:00:00,Away,0.594031,1.2779,0.594031,0.516734,12.521739130434783,7.523809523809524,1,11,0,2,l,0,0.6548
2015,West Brom,2015-11-21 19:00:00,Home,0.332888,2.08956,0.332888,1.32839,13.241379310344827,5.090909090909091,2,11,2,1,w,3,0.186
2015,West Brom,2015-11-29 18:05:00,Away,0.866305,1.41404,0.866305,1.41404,10.91304347826087,5.954545454545454,3,9,1,1,d,1,0.9445000000000001
2015,West Brom,2015-12-05 19:00:00,Home,1.48695,1.12876,1.48695,1.12876,8.885714285714286,9.538461538461538,4,3,1,1,d,1,1.6685
2015,West Brom,2015-12-13 20:00:00,Away,0.835885,2.12583,0.835885,2.12583,15.578947368421053,6.0,2,13,2,2,d,1,0.497
2015,West Brom,2015-12-19 19:00:00,Home,0.698255,1.89177,0.698255,1.1306,16.5625,8.0,3,3,1,2,l,0,0.43579999999999997
2015,West Brom,2015-12-26 19:00:00,Away,0.554583,1.21243,0.554583,1.21243,9.866666666666667,9.238095238095237,6,5,0,1,l,0,0.5587
2015,West Brom,2015-12-28 19:00:00,Home,2.1039,0.456189,2.1039,0.456189,6.133333333333334,10.384615384615385,11,5,1,0,w,3,2.5181999999999998
2015,West Brom,2016-01-02 19:00:00,Home,1.72318,0.917526,1.72318,0.917526,10.5,8.823529411764707,9,7,2,1,w,3,2.0387999999999997
2015,West Brom,2016-01-13 23:45:00,Away,0.704263,1.38532,0.704263,1.38532,12.6,6.7368421052631575,4,7,2,2,d,1,0.7434
2015,West Brom,2016-01-16 19:00:00,Away,0.410757,1.42623,0.410757,0.665057,13.0,9.882352941176471,7,5,0,3,l,0,0.4259
2015,West Brom,2016-01-23 19:00:00,Home,0.23184,0.562461,0.23184,0.562461,9.421052631578947,5.5,1,4,0,0,d,1,0.8776999999999999
2015,West Brom,2016-02-03 00:00:00,Home,2.30645,1.17928,2.30645,1.17928,9.592592592592593,5.923076923076923,7,3,1,1,d,1,2.1996
2015,West Brom,2016-02-06 19:00:00,Away,0.472556,2.41057,0.472556,2.41057,10.75,4.681818181818182,5,11,0,1,l,0,0.22039999999999998
2015,West Brom,2016-02-13 19:00:00,Away,1.1974,1.82912,1.1974,1.82912,18.533333333333335,3.1153846153846154,4,19,1,0,w,3,0.8835
2015,West Brom,2016-02-27 21:30:00,Home,2.07488,1.21638,2.07488,1.21638,10.857142857142858,8.1,13,3,3,2,w,3,2.0730000000000004
2015,West Brom,2016-03-01 23:45:00,Away,1.29485,3.04626,1.29485,3.04626,15.866666666666667,4.28,2,14,2,2,d,1,0.34450000000000003
2015,West Brom,2016-03-06 20:00:00,Home,0.565787,0.417622,0.565787,0.417622,8.178571428571429,14.733333333333333,8,1,1,0,w,3,1.4141
2015,West Brom,2016-03-19 19:00:00,Home,0.332789,0.799255,0.332789,0.799255,5.695652173913044,7.157894736842105,2,5,0,1,l,0,0.7802
2015,West Brom,2016-04-02 18:00:00,Away,0.0635563,1.54544,0.0635563,1.54544,7.541666666666667,6.142857142857143,0,8,0,0,d,1,0.226
2015,West Brom,2016-04-09 20:30:00,Away,1.09413,2.07325,1.09413,1.31208,10.208333333333334,9.875,4,5,1,2,l,0,0.58
2015,West Brom,2016-04-16 18:00:00,Home,2.2915,0.364852,0.751531,0.364852,6.37037037037037,9.142857142857142,7,3,0,1,l,0,2.7788
2015,West Brom,2016-04-21 22:45:00,Away,0.839742,1.37348,0.839742,1.37348,14.821428571428571,3.838709677419355,1,20,0,2,l,0,0.9361999999999999
2015,West Brom,2016-04-25 23:00:00,Away,0.894413,1.26346,0.894413,1.26346,11.26923076923077,5.666666666666667,5,10,1,1,d,1,1.0617
2015,West Brom,2016-04-30 18:00:00,Home,1.5346,1.27183,1.5346,1.27183,7.864864864864865,6.071428571428571,4,5,0,3,l,0,1.555
2015,West Brom,2016-05-07 18:00:00,Away,1.34282,0.814964,0.581655,0.814964,16.61111111111111,8.285714285714286,2,4,1,1,d,1,1.8643
2015,West Brom,2016-05-15 18:00:00,Home,1.86869,0.419877,1.86869,0.419877,13.615384615384615,4.538461538461538,3,6,1,1,d,1,2.5798
2015,Sunderland,2015-08-08 18:00:00,Away,1.45946,2.56803,1.45946,1.80686,9.555555555555555,10.88,6,5,2,4,l,0,0.662
2015,Sunderland,2015-08-15 18:00:00,Home,0.329128,1.71686,0.329128,1.71686,10.181818181818182,10.666666666666666,2,6,1,3,l,0,0.3375
2015,Sunderland,2015-08-22 18:00:00,Home,0.569426,1.56064,0.569426,1.56064,10.10344827586207,8.578947368421053,2,4,1,1,d,1,0.6088
2015,Sunderland,2015-08-29 18:00:00,Away,0.368848,2.27406,0.368848,1.51289,7.35,8.636363636363637,3,12,2,2,d,1,0.1749
2015,Sunderland,2015-09-13 16:30:00,Home,1.0407,1.45615,1.0407,1.45615,12.055555555555555,5.172413793103448,4,12,0,1,l,0,1.0179
2015,Sunderland,2015-09-19 18:00:00,Away,0.854867,0.644335,0.854867,0.644335,9.26923076923077,8.518518518518519,2,7,0,2,l,0,1.5617
2015,Sunderland,2015-09-26 18:00:00,Away,0.832139,2.8971,0.832139,2.8971,22.0,6.428571428571429,1,6,0,3,l,0,0.1436
2015,Sunderland,2015-10-03 18:00:00,Home,1.08401,1.93656,1.08401,1.93656,13.0,9.380952380952381,3,7,2,2,d,1,0.7297
2015,Sunderland,2015-10-17 18:00:00,Away,0.658473,2.07781,0.658473,2.07781,9.173913043478262,9.421052631578947,5,2,0,1,l,0,0.2791
2015,Sunderland,2015-10-25 16:00:00,Home,2.37969,1.41744,1.61852,1.41744,12.35,8.9375,5,7,3,0,w,3,2.1763
2015,Sunderland,2015-11-01 17:30:00,Away,1.21834,2.34852,1.21834,2.34852,15.0,15.363636363636363,8,11,2,6,l,0,0.6232
2015,Sunderland,2015-11-07 19:00:00,Home,0.299104,1.79578,0.299104,1.03461,19.571428571428573,7.315789473684211,3,6,0,1,l,0,0.25129999999999997
2015,Sunderland,2015-11-24 00:00:00,Away,1.30739,0.696183,1.30739,0.696183,27.666666666666668,3.0625,8,4,1,0,w,3,1.9251999999999998
2015,Sunderland,2015-11-28 19:00:00,Home,0.863466,0.79464,0.863466,0.79464,9.807692307692308,15.6,6,4,2,0,w,3,1.3138
2015,Sunderland,2015-12-05 19:00:00,Away,1.5228,2.29559,1.5228,2.29559,23.5625,5.782608695652174,7,11,1,3,l,0,0.8341
2015,Sunderland,2015-12-12 19:00:00,Home,0.879474,2.0562,0.879474,2.0562,16.692307692307693,10.047619047619047,8,4,0,1,l,0,0.5575
2015,Sunderland,2015-12-19 19:00:00,Away,1.23573,3.02023,1.23573,2.25906,10.931034482758621,5.884615384615385,4,23,1,3,l,0,0.2968
2015,Sunderland,2015-12-26 19:00:00,Away,1.08103,3.51848,1.08103,2.75731,17.25,5.9655172413793105,2,10,1,4,l,0,0.154
2015,Sunderland,2015-12-30 23:45:00,Home,0.481551,1.80743,0.481551,1.80743,11.052631578947368,7.631578947368421,5,11,0,1,l,0,0.4011
2015,Sunderland,2016-01-02 19:00:00,Home,0.761225,0.27956,0.761225,0.27956,11.173913043478262,9.636363636363637,6,1,3,1,w,3,1.7599
2015,Sunderland,2016-01-13 23:45:00,Away,2.49057,1.06526,2.49057,0.304096,11.478260869565217,17.53846153846154,8,7,4,2,w,3,2.5357000000000003
2015,Sunderland,2016-01-16 16:45:00,Away,0.617306,2.02579,0.617306,1.26463,15.473684210526315,8.666666666666666,3,10,1,4,l,0,0.3755
2015,Sunderland,2016-01-23 19:00:00,Home,0.612134,1.26851,0.612134,1.26851,18.8125,6.555555555555555,5,6,1,1,d,1,0.7562
2015,Sunderland,2016-02-02 23:45:00,Home,0.888437,0.638461,0.888437,0.638461,6.352941176470588,6.0344827586206895,6,5,0,1,l,0,1.5181
2015,Sunderland,2016-02-06 19:00:00,Away,0.491843,1.57712,0.491843,1.57712,15.565217391304348,7.625,1,15,2,2,d,1,0.49670000000000003
2015,Sunderland,2016-02-13 16:45:00,Home,1.48186,0.908296,1.48186,0.908296,9.56,3.5714285714285716,6,9,2,1,w,3,1.8027000000000002
2015,Sunderland,2016-02-27 16:45:00,Away,1.07887,0.52387,1.07887,0.52387,8.291666666666666,7.076923076923077,8,6,0,1,l,0,1.8541999999999998
2015,Sunderland,2016-03-01 23:45:00,Home,0.93375,0.887448,0.93375,0.887448,5.24,9.869565217391305,4,8,2,2,d,1,1.3827
2015,Sunderland,2016-03-05 19:00:00,Away,1.31562,1.54587,1.31562,1.54587,12.85,4.3,3,17,1,1,d,1,1.1981
2015,Sunderland,2016-03-20 17:30:00,Away,0.785017,0.940593,0.785017,0.940593,13.263157894736842,4.423076923076923,7,3,1,1,d,1,1.1875
2015,Sunderland,2016-04-02 18:00:00,Home,1.54544,0.0635563,1.54544,0.0635563,6.142857142857143,7.541666666666667,8,0,0,0,d,1,2.5791999999999997
2015,Sunderland,2016-04-10 16:30:00,Home,0.872232,2.60072,0.872232,2.60072,6.28,6.583333333333333,8,11,0,2,l,0,0.3134
2015,Sunderland,2016-04-16 15:45:00,Away,1.99748,1.09006,1.23631,1.09006,13.066666666666666,6.923076923076923,6,6,3,0,w,3,2.1048000000000004
2015,Sunderland,2016-04-24 17:05:00,Home,0.617149,0.97303,0.617149,0.97303,15.954545454545455,7.8,3,20,0,0,d,1,1.0274999999999999
2015,Sunderland,2016-04-30 18:00:00,Away,1.43105,0.68487,0.669882,0.68487,10.19047619047619,5.083333333333333,5,6,1,1,d,1,2.0509
2015,Sunderland,2016-05-07 18:00:00,Home,0.773876,1.77677,0.773876,1.77677,8.744186046511627,11.545454545454545,2,11,3,2,w,3,0.6165
2015,Sunderland,2016-05-11 22:45:00,Home,2.44887,1.16563,2.44887,1.16563,14.952380952380953,9.625,8,10,3,0,w,3,2.332
2015,Sunderland,2016-05-15 18:00:00,Away,0.908817,1.95277,0.908817,1.1916,8.952380952380953,8.15,7,9,2,2,d,1,0.584
2015,Crystal Palace,2015-08-08 18:00:00,Away,2.10975,1.13076,2.10975,1.13076,10.625,5.7368421052631575,10,5,3,1,w,3,2.1299
2015,Crystal Palace,2015-08-16 16:30:00,Home,0.964134,2.05542,0.964134,2.05542,11.708333333333334,6.9655172413793105,5,15,1,2,l,0,0.6022000000000001
2015,Crystal Palace,2015-08-22 18:00:00,Home,1.23807,0.765278,1.23807,0.765278,8.166666666666666,8.476190476190476,9,6,2,1,w,3,1.7320000000000002
2015,Crystal Palace,2015-08-29 18:00:00,Away,2.19283,1.27906,2.19283,1.27906,18.5,8.2,8,10,2,1,w,3,2.0322999999999998
2015,Crystal Palace,2015-09-12 18:00:00,Home,0.743193,3.08883,0.743193,3.08883,8.625,8.583333333333334,2,8,0,1,l,0,0.11839999999999999
2015,Crystal Palace,2015-09-20 16:30:00,Away,0.538439,1.01573,0.538439,1.01573,10.173913043478262,5.176470588235294,5,10,0,1,l,0,0.8979999999999999
2015,Crystal Palace,2015-09-27 19:00:00,Away,2.33566,0.685939,1.57449,0.685939,8.772727272727273,9.625,2,9,1,0,w,3,2.5423
2015,Crystal Palace,2015-10-03 15:45:00,Home,1.99083,0.255528,1.22966,0.255528,4.2,10.523809523809524,3,1,2,0,w,3,2.728
2015,Crystal Palace,2015-10-17 18:00:00,Home,1.08391,2.76356,0.322738,2.76356,12.55,7.173913043478261,9,15,1,3,l,0,0.3372
2015,Crystal Palace,2015-10-24 18:00:00,Away,0.240008,1.33502,0.240008,1.33502,11.636363636363637,13.526315789473685,5,2,0,1,l,0,0.2123
2015,Crystal Palace,2015-10-31 19:00:00,Home,0.939118,0.394404,0.939118,0.394404,9.576923076923077,7.428571428571429,5,8,0,0,d,1,1.8727
2015,Crystal Palace,2015-11-08 20:00:00,Away,0.849281,2.15673,0.849281,2.15673,10.590909090909092,5.782608695652174,1,20,2,1,w,3,0.5121
2015,Crystal Palace,2015-11-24 00:00:00,Home,0.696183,1.30739,0.696183,1.30739,3.0625,27.666666666666668,4,8,0,1,l,0,0.7918000000000001
2015,Crystal Palace,2015-11-28 19:00:00,Home,1.67836,0.791299,1.67836,0.791299,7.68,11.130434782608695,7,2,5,1,w,3,2.0486
2015,Crystal Palace,2015-12-08 00:00:00,Away,1.1905,1.69774,1.1905,1.69774,8.833333333333334,7.695652173913044,2,13,1,1,d,1,0.9386000000000001
2015,Crystal Palace,2015-12-12 19:00:00,Home,1.31177,0.890411,1.31177,0.890411,10.0,5.826086956521739,5,5,1,0,w,3,1.7362
2015,Crystal Palace,2015-12-19 19:00:00,Away,1.95347,2.41499,1.1923,1.65386,12.142857142857142,8.08695652173913,1,6,2,1,w,3,1.0781
2015,Crystal Palace,2015-12-26 19:00:00,Away,0.405181,0.871395,0.405181,0.871395,9.777777777777779,5.264705882352941,4,5,0,0,d,1,0.8335999999999999
2015,Crystal Palace,2015-12-28 19:00:00,Home,0.735185,0.169425,0.735185,0.169425,9.789473684210526,13.6,7,1,0,0,d,1,1.9348999999999998
2015,Crystal Palace,2016-01-03 17:30:00,Home,0.546499,2.3747,0.546499,2.3747,10.733333333333333,8.08,5,5,0,3,l,0,0.2029
2015,Crystal Palace,2016-01-12 23:45:00,Away,0.547913,0.551973,0.547913,0.551973,7.285714285714286,10.458333333333334,1,6,0,1,l,0,1.3003
2015,Crystal Palace,2016-01-16 19:00:00,Away,0.613339,1.74025,0.613339,1.74025,8.5,5.717948717948718,3,10,0,4,l,0,0.4732
2015,Crystal Palace,2016-01-23 19:00:00,Home,0.930792,1.74368,0.930792,1.74368,8.566666666666666,5.5,2,5,1,3,l,0,0.7776
2015,Crystal Palace,2016-02-03 00:00:00,Home,1.62395,1.17427,1.62395,1.17427,7.12,11.375,6,3,1,2,l,0,1.7302
2015,Crystal Palace,2016-02-06 19:00:00,Away,1.01465,1.32136,1.01465,1.32136,10.0,4.45945945945946,3,10,1,1,d,1,1.1553
2015,Crystal Palace,2016-02-13 19:00:00,Home,0.983946,1.99728,0.983946,1.23611,5.826086956521739,5.416666666666667,2,4,1,2,l,0,0.532
2015,Crystal Palace,2016-02-27 21:30:00,Away,1.21638,2.07488,1.21638,2.07488,8.1,10.857142857142858,3,13,2,3,l,0,0.6884999999999999
2015,Crystal Palace,2016-03-01 23:45:00,Away,0.887448,0.93375,0.887448,0.93375,9.869565217391305,5.24,8,4,2,2,d,1,1.2891
2015,Crystal Palace,2016-03-06 17:30:00,Home,1.43901,2.27087,1.43901,1.5097,13.304347826086957,5.1,1,15,1,2,l,0,0.7581
2015,Crystal Palace,2016-03-19 19:00:00,Home,0.784339,1.20315,0.784339,1.20315,4.846153846153846,7.352941176470588,3,8,0,1,l,0,0.9957
2015,Crystal Palace,2016-04-02 18:00:00,Away,1.65593,1.71369,1.65593,1.71369,11.357142857142858,5.666666666666667,0,11,2,2,d,1,1.3434000000000001
2015,Crystal Palace,2016-04-09 18:00:00,Home,1.45029,0.675663,1.45029,0.675663,4.583333333333333,7.444444444444445,1,6,1,0,w,3,2.0414
2015,Crystal Palace,2016-04-13 23:00:00,Home,1.59025,0.759269,1.59025,0.759269,8.391304347826088,14.529411764705882,12,9,0,0,d,1,2.0078
2015,Crystal Palace,2016-04-17 19:00:00,Away,0.275806,1.73461,0.275806,1.73461,16.714285714285715,8.944444444444445,1,16,1,1,d,1,0.3305
2015,Crystal Palace,2016-04-20 23:00:00,Away,0.137416,1.46607,0.137416,1.46607,11.72,4.878787878787879,2,13,0,2,l,0,0.22310000000000002
2015,Crystal Palace,2016-04-30 18:00:00,Away,1.05079,0.53407,0.289623,0.53407,5.7,8.0,2,6,0,1,l,0,1.9407
2015,Crystal Palace,2016-05-07 18:00:00,Home,1.31448,1.27766,1.31448,1.27766,5.64,9.19047619047619,7,6,2,1,w,3,1.379
2015,Crystal Palace,2016-05-15 18:00:00,Away,1.24857,2.32278,1.24857,1.56161,9.68421052631579,10.789473684210526,5,7,1,4,l,0,0.6463
2015,Norwich,2015-08-08 18:00:00,Home,1.13076,2.10975,1.13076,2.10975,5.7368421052631575,10.625,5,10,1,3,l,0,0.6542
2015,Norwich,2015-08-15 18:00:00,Away,1.71686,0.329128,1.71686,0.329128,10.666666666666666,10.181818181818182,6,2,3,1,w,3,2.4779999999999998
2015,Norwich,2015-08-22 18:00:00,Home,3.14888,0.698228,3.14888,0.698228,9.633333333333333,10.928571428571429,4,2,1,1,d,1,2.7779
2015,Norwich,2015-08-30 16:30:00,Away,0.639434,2.85501,0.639434,2.85501,25.583333333333332,10.333333333333334,2,2,0,3,l,0,0.10590000000000001
2015,Norwich,2015-09-12 18:00:00,Home,1.33151,0.389495,1.33151,0.389495,9.961538461538462,11.631578947368421,7,3,3,1,w,3,2.225
2015,Norwich,2015-09-20 19:00:00,Away,0.556271,1.90447,0.556271,1.90447,15.19047619047619,8.863636363636363,3,12,1,1,d,1,0.4423
2015,Norwich,2015-09-26 18:00:00,Away,1.38603,2.60407,1.38603,2.60407,6.730769230769231,9.0,3,9,2,2,d,1,0.6213
2015,Norwich,2015-10-03 18:00:00,Home,1.18074,3.00282,1.18074,2.24168,11.555555555555555,10.217391304347826,5,5,1,2,l,0,0.3338
2015,Norwich,2015-10-18 19:00:00,Away,1.34395,2.24896,1.34395,2.24896,7.384615384615385,12.526315789473685,4,8,2,6,l,0,0.7544
2015,Norwich,2015-10-24 18:00:00,Home,1.03228,1.45436,1.03228,1.45436,7.611111111111111,13.588235294117647,6,3,0,1,l,0,0.9568000000000001
2015,Norwich,2015-10-31 19:00:00,Away,1.17497,2.83557,1.17497,1.31323,28.0,10.0,5,12,1,2,l,0,0.2629
2015,Norwich,2015-11-07 19:00:00,Home,1.19517,0.402284,1.19517,0.402284,23.05263157894737,10.9375,4,5,1,0,w,3,2.128
2015,Norwich,2015-11-21 19:00:00,Away,0.202798,2.16487,0.202798,2.16487,14.333333333333334,6.818181818181818,2,15,0,1,l,0,0.16720000000000002
2015,Norwich,2015-11-29 20:15:00,Home,1.01025,1.65699,1.01025,1.65699,22.5,9.052631578947368,4,8,1,1,d,1,0.8193
2015,Norwich,2015-12-05 19:00:00,Away,0.310524,2.07199,0.310524,1.31082,13.0,10.5625,3,10,0,2,l,0,0.179
2015,Norwich,2015-12-12 16:45:00,Home,1.49283,2.43558,1.49283,2.43558,18.36842105263158,19.1,4,9,1,1,d,1,0.7242999999999999
2015,Norwich,2015-12-19 19:00:00,Away,0.556897,1.01394,0.556897,1.01394,20.357142857142858,6.086956521739131,1,7,2,1,w,3,0.9163
2015,Norwich,2015-12-26 19:00:00,Away,0.452019,2.40666,0.452019,1.64549,10.5,8.857142857142858,4,13,0,3,l,0,0.1905
2015,Norwich,2015-12-28 19:00:00,Home,1.10319,0.235874,1.10319,0.235874,9.041666666666666,5.666666666666667,3,0,2,0,w,3,2.2081999999999997
2015,Norwich,2016-01-02 19:00:00,Home,1.50509,0.932294,1.50509,0.932294,22.181818181818183,8.88888888888889,4,10,1,0,w,3,1.8645
2015,Norwich,2016-01-13 23:45:00,Away,0.193728,1.24456,0.193728,1.24456,32.07692307692308,5.151515151515151,4,8,1,3,l,0,0.3951
2015,Norwich,2016-01-16 19:00:00,Away,0.595472,2.53086,0.595472,1.76969,8.181818181818182,9.454545454545455,1,3,0,3,l,0,0.2047
2015,Norwich,2016-01-23 16:45:00,Home,1.03432,1.44943,0.273154,1.44943,8.178571428571429,7.782608695652174,8,8,4,5,l,0,0.9914999999999999
2015,Norwich,2016-02-02 23:45:00,Home,0.929319,2.75469,0.929319,1.99352,11.090909090909092,11.666666666666666,6,4,0,3,l,0,0.2678
2015,Norwich,2016-02-06 19:00:00,Away,1.1413,0.918291,1.1413,0.918291,6.25,8.863636363636363,5,1,0,2,l,0,1.5459
2015,Norwich,2016-02-13 19:00:00,Home,1.03362,0.741428,1.03362,0.741428,6.793103448275862,7.35,5,5,2,2,d,1,1.6205
2015,Norwich,2016-02-27 19:00:00,Away,0.814784,1.7645,0.814784,1.7645,10.65,7.647058823529412,2,5,0,1,l,0,0.5485
2015,Norwich,2016-03-01 23:45:00,Home,1.24159,0.980988,1.24159,0.980988,9.607142857142858,12.705882352941176,10,15,1,2,l,0,1.5956000000000001
2015,Norwich,2016-03-05 19:00:00,Away,0.580126,0.545937,0.580126,0.545937,9.714285714285714,4.4375,8,6,0,1,l,0,1.3222
2015,Norwich,2016-03-12 16:45:00,Home,0.139743,0.557373,0.139743,0.557373,10.32,6.217391304347826,1,10,0,0,d,1,0.7567
2015,Norwich,2016-03-19 19:00:00,Away,0.799255,0.332789,0.799255,0.332789,7.157894736842105,5.695652173913044,5,2,1,0,w,3,1.8283999999999998
2015,Norwich,2016-04-02 18:00:00,Home,1.65216,1.46835,1.65216,0.707185,17.666666666666668,9.933333333333334,8,4,3,2,w,3,1.5125
2015,Norwich,2016-04-09 18:00:00,Away,0.675663,1.45029,0.675663,1.45029,7.444444444444445,4.583333333333333,6,1,0,1,l,0,0.6932
2015,Norwich,2016-04-16 15:45:00,Home,1.09006,1.99748,1.09006,1.23631,6.923076923076923,13.066666666666666,6,6,0,3,l,0,0.6672
2015,Norwich,2016-04-30 20:30:00,Away,0.578781,0.781508,0.578781,0.781508,21.333333333333332,7.5625,3,11,0,1,l,0,1.1164999999999998
2015,Norwich,2016-05-07 15:45:00,Home,1.36825,1.48344,1.36825,1.48344,12.2,4.217391304347826,3,12,0,1,l,0,1.2744
2015,Norwich,2016-05-11 22:45:00,Home,2.41871,1.7686,2.41871,1.7686,7.869565217391305,7.34375,12,7,4,2,w,3,1.8539999999999999
2015,Norwich,2016-05-15 18:00:00,Away,0.43016,2.40775,0.43016,1.64658,9.095238095238095,6.758620689655173,10,14,0,3,l,0,0.1732
2015,Chelsea,2015-08-08 20:30:00,Home,0.64396,2.59203,0.64396,1.83086,10.363636363636363,8.833333333333334,10,5,2,2,d,1,0.18359999999999999
2015,Chelsea,2015-08-16 19:00:00,Away,0.482423,2.18579,0.482423,2.18579,6.620689655172414,5.7272727272727275,6,15,0,3,l,0,0.2792
2015,Chelsea,2015-08-23 16:30:00,Away,2.02778,1.42622,2.02778,0.665049,17.5,14.823529411764707,8,4,3,2,w,3,1.8128000000000002
2015,Chelsea,2015-08-29 18:00:00,Home,1.27906,2.19283,1.27906,2.19283,8.2,18.5,10,8,1,2,l,0,0.7507
2015,Chelsea,2015-09-12 15:45:00,Away,0.656048,1.18026,0.656048,1.18026,7.615384615384615,15.047619047619047,7,4,1,3,l,0,0.8444
2015,Chelsea,2015-09-19 15:45:00,Home,2.0687,0.775312,2.0687,0.775312,6.09375,13.181818181818182,14,5,2,0,w,3,2.3614
2015,Chelsea,2015-09-26 20:30:00,Away,1.30593,0.702109,1.30593,0.702109,4.2,11.125,8,2,2,2,d,1,1.8603
2015,Chelsea,2015-10-03 20:30:00,Home,0.520175,1.58246,0.520175,1.58246,8.727272727272727,14.2,5,5,1,3,l,0,0.5438999999999999
2015,Chelsea,2015-10-17 18:00:00,Home,1.22875,0.795846,1.22875,0.795846,5.409090909090909,9.761904761904763,6,2,2,0,w,3,1.7231
2015,Chelsea,2015-10-24 18:00:00,Away,1.1356,0.77284,1.1356,0.77284,7.730769230769231,9.392857142857142,4,3,1,2,l,0,1.6618
2015,Chelsea,2015-10-31 16:45:00,Home,0.735762,0.839342,0.735762,0.839342,8.421052631578947,6.054054054054054,2,12,1,3,l,0,1.2466000000000002
2015,Chelsea,2015-11-07 21:30:00,Away,1.02642,0.825418,1.02642,0.825418,5.8,14.375,13,5,0,1,l,0,1.4981
2015,Chelsea,2015-11-21 19:00:00,Home,2.16487,0.202798,2.16487,0.202798,6.818181818181818,14.333333333333334,15,2,1,0,w,3,2.7217
2015,Chelsea,2015-11-29 16:00:00,Away,0.283375,0.333494,0.283375,0.333494,11.478260869565217,7.052631578947368,5,3,0,0,d,1,1.1777
2015,Chelsea,2015-12-05 21:30:00,Home,1.66952,1.25911,1.66952,1.25911,5.0,7.606060606060606,15,3,0,1,l,0,1.6727999999999998
2015,Chelsea,2015-12-15 00:00:00,Away,2.26887,0.708846,2.26887,0.708846,4.173913043478261,7.135135135135135,8,5,1,2,l,0,2.5394
2015,Chelsea,2015-12-19 19:00:00,Home,3.02023,1.23573,2.25906,1.23573,5.884615384615385,10.931034482758621,23,4,3,1,w,3,2.5699000000000005
2015,Chelsea,2015-12-26 19:00:00,Home,2.09356,1.667,1.33239,0.905834,8.045454545454545,9.892857142857142,12,1,2,2,d,1,1.6622
2015,Chelsea,2015-12-28 21:30:00,Away,0.900029,1.35213,0.900029,1.35213,23.1875,5.0625,0,7,0,0,d,1,0.897
2015,Chelsea,2016-01-03 17:30:00,Away,2.3747,0.546499,2.3747,0.546499,8.08,10.733333333333333,5,5,3,0,w,3,2.683
2015,Chelsea,2016-01-13 23:45:00,Home,1.38532,0.704263,1.38532,0.704263,6.7368421052631575,12.6,7,4,2,2,d,1,1.9842
2015,Chelsea,2016-01-16 19:00:00,Home,2.44864,1.5891,2.44864,1.5891,7.7317073170731705,17.105263157894736,10,4,3,3,d,1,2.059
2015,Chelsea,2016-01-24 20:00:00,Away,1.48778,1.10907,1.48778,1.10907,8.0,13.73913043478261,7,12,1,0,w,3,1.6801
2015,Chelsea,2016-02-03 23:45:00,Away,1.13694,0.531415,1.13694,0.531415,8.724137931034482,8.675675675675675,13,3,0,0,d,1,1.9107999999999998
2015,Chelsea,2016-02-07 20:00:00,Home,1.61554,0.780475,1.61554,0.780475,11.4375,10.578947368421053,10,4,1,1,d,1,2.0539
2015,Chelsea,2016-02-13 21:30:00,Home,2.0858,0.430664,2.0858,0.430664,9.451612903225806,13.363636363636363,12,1,5,1,w,3,2.6013
2015,Chelsea,2016-02-27 19:00:00,Away,0.631036,1.01074,0.631036,1.01074,12.857142857142858,12.074074074074074,13,4,2,1,w,3,0.9399000000000001
2015,Chelsea,2016-03-01 23:45:00,Away,0.980988,1.24159,0.980988,1.24159,12.705882352941176,9.607142857142858,15,10,2,1,w,3,1.1003
2015,Chelsea,2016-03-05 19:00:00,Home,1.0615,1.60285,1.0615,1.60285,9.285714285714286,9.625,11,3,1,1,d,1,0.9480999999999999
2015,Chelsea,2016-03-19 19:00:00,Home,2.1406,0.862828,1.37944,0.862828,7.64,11.592592592592593,10,4,2,2,d,1,2.3198000000000003
2015,Chelsea,2016-04-02 15:45:00,Away,2.49358,0.72512,1.73241,0.72512,7.851851851851852,15.192307692307692,8,6,4,0,w,3,2.6350000000000002
2015,Chelsea,2016-04-09 18:00:00,Away,1.3003,1.9071,1.3003,1.9071,8.068965517241379,8.707317073170731,9,6,0,1,l,0,0.8935
2015,Chelsea,2016-04-16 20:30:00,Home,0.487715,2.62768,0.487715,1.86651,9.0,13.5,5,9,0,3,l,0,0.1503
2015,Chelsea,2016-04-23 18:00:00,Away,2.07192,0.575087,2.07192,0.575087,11.19047619047619,7.7631578947368425,9,4,4,1,w,3,2.4602
2015,Chelsea,2016-05-02 23:00:00,Home,0.81661,1.90407,0.81661,1.90407,10.681818181818182,5.571428571428571,7,1,2,2,d,1,0.5244
2015,Chelsea,2016-05-07 18:00:00,Away,1.77677,0.773876,1.77677,0.773876,11.545454545454545,8.744186046511627,11,2,2,3,l,0,2.1639
2015,Chelsea,2016-05-11 23:00:00,Away,0.812268,1.83934,0.812268,1.83934,11.846153846153847,8.222222222222221,3,8,1,1,d,1,0.6539
2015,Chelsea,2016-05-15 18:00:00,Home,1.86065,1.23491,1.09948,1.23491,14.8125,7.2631578947368425,18,9,1,1,d,1,1.8550999999999997
2015,West Ham,2015-08-09 16:30:00,Away,0.535961,1.33166,0.535961,1.33166,12.454545454545455,8.166666666666666,0,11,2,0,w,3,0.7095
2015,West Ham,2015-08-15 18:00:00,Home,0.513491,1.80939,0.513491,1.80939,6.375,15.045454545454545,10,5,1,2,l,0,0.3156
2015,West Ham,2015-08-22 18:00:00,Home,1.50203,2.8554,0.740861,2.09423,9.909090909090908,10.722222222222221,3,7,3,4,l,0,0.488
2015,West Ham,2015-08-29 18:00:00,Away,0.97217,0.561737,0.97217,0.561737,12.090909090909092,5.9655172413793105,1,12,3,0,w,3,1.7362
2015,West Ham,2015-09-14 23:00:00,Home,1.71282,0.716599,1.71282,0.716599,11.72,8.222222222222221,4,4,2,0,w,3,2.1995
2015,West Ham,2015-09-19 20:30:00,Away,0.995273,2.98465,0.995273,2.98465,23.76923076923077,3.6666666666666665,3,15,2,1,w,3,0.2422
2015,West Ham,2015-09-26 18:00:00,Home,2.60407,1.38603,2.60407,1.38603,9.0,6.730769230769231,9,3,2,2,d,1,2.1942
2015,West Ham,2015-10-03 18:00:00,Away,1.93656,1.08401,1.93656,1.08401,9.380952380952381,13.0,7,3,2,2,d,1,2.0329
2015,West Ham,2015-10-17 18:00:00,Away,2.76356,1.08391,2.76356,0.322738,7.173913043478261,12.55,15,9,3,1,w,3,2.5125
2015,West Ham,2015-10-24 18:00:00,Home,0.77284,1.1356,0.77284,1.1356,9.392857142857142,7.730769230769231,3,4,2,1,w,3,1.0066000000000002
2015,West Ham,2015-10-31 19:00:00,Away,0.605625,1.61544,0.605625,1.61544,9.95,10.16,2,7,0,2,l,0,0.6059
2015,West Ham,2015-11-07 19:00:00,Home,0.589567,1.08814,0.589567,1.08814,13.5,18.125,2,6,1,1,d,1,0.8499
2015,West Ham,2015-11-22 20:00:00,Away,0.818937,3.22353,0.818937,3.22353,9.37037037037037,5.54054054054054,4,8,1,4,l,0,0.1481
2015,West Ham,2015-11-29 18:05:00,Home,1.41404,0.866305,1.41404,0.866305,5.954545454545454,10.91304347826087,9,3,1,1,d,1,1.7476
2015,West Ham,2015-12-05 19:00:00,Away,1.10206,1.76061,1.10206,1.76061,13.473684210526315,9.31578947368421,2,14,0,0,d,1,0.8911
2015,West Ham,2015-12-12 19:00:00,Home,1.13181,1.87239,1.13181,1.87239,7.241379310344827,10.0,5,7,0,0,d,1,0.8017000000000001
2015,West Ham,2015-12-20 20:00:00,Away,0.401988,0.973378,0.401988,0.973378,12.151515151515152,5.470588235294118,4,10,0,0,d,1,0.8101
2015,West Ham,2015-12-26 19:00:00,Away,0.836027,1.61235,0.836027,0.851178,8.884615384615385,7.2272727272727275,1,7,1,1,d,1,0.6986999999999999
2015,West Ham,2015-12-28 21:30:00,Home,1.79562,1.3709,1.79562,1.3709,14.166666666666666,6.184210526315789,2,8,2,1,w,3,1.7094999999999998
2015,West Ham,2016-01-02 16:45:00,Home,2.06737,1.86591,2.06737,1.86591,11.631578947368421,5.454545454545454,3,11,2,0,w,3,1.5283000000000002
2015,West Ham,2016-01-12 23:45:00,Away,1.18455,0.729546,1.18455,0.729546,9.761904761904763,8.03448275862069,6,2,3,1,w,3,1.7573
2015,West Ham,2016-01-16 19:00:00,Away,1.08248,1.84261,1.08248,1.84261,11.208333333333334,9.035714285714286,4,10,1,2,l,0,0.817
2015,West Ham,2016-01-23 21:30:00,Home,1.01267,1.73182,1.01267,0.970646,9.36,7.925925925925926,6,9,2,2,d,1,0.7676
2015,West Ham,2016-02-02 23:45:00,Home,2.34619,0.107888,2.34619,0.107888,4.666666666666667,14.956521739130435,13,2,2,0,w,3,2.8874000000000004
2015,West Ham,2016-02-06 21:30:00,Away,0.970583,1.06493,0.970583,1.06493,7.894736842105263,12.478260869565217,7,4,0,1,l,0,1.2085000000000001
2015,West Ham,2016-02-13 19:00:00,Away,0.741428,1.03362,0.741428,1.03362,7.35,6.793103448275862,5,5,2,2,d,1,1.0469
2015,West Ham,2016-02-27 16:45:00,Home,0.52387,1.07887,0.52387,1.07887,7.076923076923077,8.291666666666666,6,8,1,0,w,3,0.8126
2015,West Ham,2016-03-02 23:45:00,Home,0.784319,1.22673,0.784319,1.22673,11.181818181818182,2.4482758620689653,2,0,1,0,w,3,0.8931
2015,West Ham,2016-03-05 19:00:00,Away,2.72091,2.09025,2.72091,1.32909,6.928571428571429,14.2,6,2,3,2,w,3,1.8038
2015,West Ham,2016-03-19 19:00:00,Away,0.862828,2.1406,0.862828,1.37944,11.592592592592593,7.64,4,10,2,2,d,1,0.4922
2015,West Ham,2016-04-02 18:00:00,Home,1.71369,1.65593,1.71369,1.65593,5.666666666666667,11.357142857142858,11,0,2,2,d,1,1.3863
2015,West Ham,2016-04-09 15:45:00,Home,1.10973,1.46966,1.10973,1.46966,9.516129032258064,9.65,6,15,3,3,d,1,1.0678
2015,West Ham,2016-04-17 16:30:00,Away,1.56819,1.95296,0.807021,1.19179,5.793103448275862,12.705882352941176,6,5,2,2,d,1,1.0071
2015,West Ham,2016-04-20 22:45:00,Home,3.96294,1.22333,2.4406,0.462162,7.111111111111111,6.323529411764706,8,5,3,1,w,3,2.8393
2015,West Ham,2016-04-30 18:00:00,Away,1.27183,1.5346,1.27183,1.5346,6.071428571428571,7.864864864864865,5,4,3,0,w,3,1.1359
2015,West Ham,2016-05-07 18:00:00,Home,2.39454,2.47265,2.39454,2.47265,8.074074074074074,16.4,13,14,1,4,l,0,1.3199
2015,West Ham,2016-05-10 23:30:00,Home,2.13311,0.635987,2.13311,0.635987,8.448275862068966,5.964285714285714,8,7,3,2,w,3,2.4503
2015,West Ham,2016-05-15 18:00:00,Away,2.94489,0.288737,2.94489,0.288737,12.055555555555555,17.53846153846154,7,4,1,2,l,0,2.8790999999999998
2015,Tottenham,2015-08-08 15:45:00,Away,0.6746,0.627539,0.6746,0.627539,8.21875,13.826086956521738,10,4,0,1,l,0,1.3613
2015,Tottenham,2015-08-15 18:00:00,Home,1.70614,2.80956,1.70614,2.04843,10.125,11.607142857142858,1,5,2,2,d,1,0.6767
2015,Tottenham,2015-08-22 18:00:00,Away,1.89437,0.829012,1.89437,0.829012,4.947368421052632,15.578947368421053,5,5,1,1,d,1,2.1978999999999997
2015,Tottenham,2015-08-29 20:30:00,Home,1.99917,0.694692,1.99917,0.694692,7.4375,18.53846153846154,11,6,0,0,d,1,2.3372
2015,Tottenham,2015-09-13 16:30:00,Away,1.45615,1.0407,1.45615,1.0407,5.172413793103448,12.055555555555555,12,4,1,0,w,3,1.6844999999999999
2015,Tottenham,2015-09-20 16:30:00,Home,1.01573,0.538439,1.01573,0.538439,5.176470588235294,10.173913043478262,10,5,1,0,w,3,1.7608
2015,Tottenham,2015-09-26 15:45:00,Home,2.30799,1.57842,2.30799,1.57842,5.2894736842105265,10.9,3,17,4,1,w,3,1.896
2015,Tottenham,2015-10-04 19:00:00,Away,1.18142,0.774806,1.18142,0.774806,7.67741935483871,13.857142857142858,4,3,2,2,d,1,1.6914
2015,Tottenham,2015-10-17 15:45:00,Home,0.586228,0.715892,0.586228,0.715892,5.605263157894737,8.185185185185185,4,3,0,0,d,1,1.142
2015,Tottenham,2015-10-25 18:05:00,Away,3.43313,0.490581,2.67196,0.490581,5.513513513513513,12.347826086956522,5,5,5,1,w,3,2.9152
2015,Tottenham,2015-11-03 00:00:00,Home,1.14374,0.325711,1.14374,0.325711,5.961538461538462,14.333333333333334,7,1,3,1,w,3,2.0859
2015,Tottenham,2015-11-08 20:00:00,Away,0.90585,2.01767,0.90585,2.01767,9.695652173913043,6.3,5,9,1,1,d,1,0.5739
2015,Tottenham,2015-11-22 20:00:00,Home,3.22353,0.818937,3.22353,0.818937,5.54054054054054,9.37037037037037,8,4,4,1,w,3,2.7728
2015,Tottenham,2015-11-29 16:00:00,Home,0.333494,0.283375,0.333494,0.283375,7.052631578947368,11.478260869565217,3,5,0,0,d,1,1.2338
2015,Tottenham,2015-12-05 19:00:00,Away,1.12876,1.48695,1.12876,1.48695,9.538461538461538,8.885714285714286,3,4,1,1,d,1,1.0145
2015,Tottenham,2015-12-13 20:00:00,Home,1.03317,1.55252,1.03317,1.55252,5.62962962962963,8.592592592592593,5,5,1,2,l,0,0.8423
2015,Tottenham,2015-12-19 19:00:00,Away,1.47453,0.83385,1.47453,0.83385,6.730769230769231,4.2444444444444445,6,5,2,0,w,3,1.9242000000000001
2015,Tottenham,2015-12-26 19:00:00,Home,2.40666,0.452019,1.64549,0.452019,8.857142857142858,10.5,13,4,3,0,w,3,2.7030000000000003
2015,Tottenham,2015-12-28 19:00:00,Away,0.527248,1.13011,0.527248,1.13011,4.620689655172414,9.666666666666666,2,4,2,1,w,3,0.6641999999999999
2015,Tottenham,2016-01-03 20:00:00,Away,0.75907,0.721603,0.75907,0.721603,6.076923076923077,20.352941176470587,6,4,1,1,d,1,1.339
2015,Tottenham,2016-01-14 00:00:00,Home,1.2301,0.588708,1.2301,0.588708,4.88,10.090909090909092,7,4,0,1,l,0,1.8848
2015,Tottenham,2016-01-16 16:45:00,Home,2.02579,0.617306,1.26463,0.617306,8.666666666666666,15.473684210526315,10,3,4,1,w,3,2.4439999999999995
2015,Tottenham,2016-01-23 19:00:00,Away,1.74368,0.930792,1.74368,0.930792,5.5,8.566666666666666,5,2,3,1,w,3,1.9761
2015,Tottenham,2016-02-02 23:45:00,Away,2.75469,0.929319,1.99352,0.929319,11.666666666666666,11.090909090909092,4,6,3,0,w,3,2.6050999999999997
2015,Tottenham,2016-02-06 19:00:00,Home,2.00475,0.149839,2.00475,0.149839,4.655172413793103,13.590909090909092,12,3,1,0,w,3,2.6976
2015,Tottenham,2016-02-14 20:15:00,Away,1.23517,1.97876,0.474034,1.97876,7.4,11.642857142857142,2,11,2,1,w,3,0.7925
2015,Tottenham,2016-02-28 18:05:00,Home,3.57325,1.24938,3.57325,1.24938,7.739130434782608,18.363636363636363,14,3,2,1,w,3,2.6531
2015,Tottenham,2016-03-02 23:45:00,Away,1.22673,0.784319,1.22673,0.784319,2.4482758620689653,11.181818181818182,0,2,0,1,l,0,1.8108
2015,Tottenham,2016-03-05 16:45:00,Home,1.88378,0.543157,1.88378,0.543157,5.2,7.096774193548387,6,6,2,2,d,1,2.392
2015,Tottenham,2016-03-13 20:00:00,Away,2.00141,1.84022,2.00141,1.84022,6.521739130434782,13.52,8,4,2,0,w,3,1.4397
2015,Tottenham,2016-03-20 20:00:00,Home,2.02694,0.120366,2.02694,0.120366,6.121212121212121,21.352941176470587,6,0,3,0,w,3,2.7784999999999997
2015,Tottenham,2016-04-02 20:30:00,Away,1.23579,1.37954,1.23579,1.37954,7.391304347826087,7.7105263157894735,10,12,1,1,d,1,1.2722000000000002
2015,Tottenham,2016-04-10 19:00:00,Home,1.79647,0.341238,1.79647,0.341238,5.970588235294118,6.961538461538462,8,1,3,0,w,3,2.5139
2015,Tottenham,2016-04-18 23:00:00,Away,2.89775,0.458376,2.89775,0.458376,8.214285714285714,8.75,5,3,4,0,w,3,2.7805
2015,Tottenham,2016-04-25 23:00:00,Home,1.26346,0.894413,1.26346,0.894413,5.666666666666667,11.26923076923077,10,5,1,1,d,1,1.6365
2015,Tottenham,2016-05-02 23:00:00,Away,1.90407,0.81661,1.90407,0.81661,5.571428571428571,10.681818181818182,1,7,2,2,d,1,2.2593
2015,Tottenham,2016-05-08 16:30:00,Home,2.55547,1.30812,2.55547,1.30812,5.7,10.862068965517242,11,4,1,2,l,0,2.2767
2015,Tottenham,2016-05-15 18:00:00,Away,0.869082,2.42808,0.869082,1.66692,9.578947368421053,15.235294117647058,13,4,1,5,l,0,0.3983
2015,Arsenal,2015-08-09 16:30:00,Home,1.33166,0.535961,1.33166,0.535961,8.166666666666666,12.454545454545455,11,0,0,2,l,0,2.0079
2015,Arsenal,2015-08-16 16:30:00,Away,2.05542,0.964134,2.05542,0.964134,6.9655172413793105,11.708333333333334,15,5,2,1,w,3,2.1865
2015,Arsenal,2015-08-24 23:00:00,Home,1.83755,1.29206,1.83755,1.29206,5.615384615384615,10.428571428571429,14,9,0,0,d,1,1.7969999999999997
2015,Arsenal,2015-08-29 15:45:00,Away,2.33948,0.0319694,2.33948,0.0319694,5.535714285714286,21.823529411764707,15,0,1,0,w,3,2.8676
2015,Arsenal,2015-09-12 18:00:00,Home,4.42684,0.191277,4.42684,0.191277,6.76,15.904761904761905,20,2,2,0,w,3,2.9829
2015,Arsenal,2015-09-19 15:45:00,Away,0.775312,2.0687,0.775312,2.0687,13.181818181818182,6.09375,5,14,0,2,l,0,0.4477
2015,Arsenal,2015-09-26 18:00:00,Away,3.89623,1.38516,3.89623,1.38516,6.7727272727272725,10.333333333333334,17,8,5,2,w,3,2.6670000000000003
2015,Arsenal,2015-10-04 19:00:00,Home,2.16952,1.03953,2.16952,1.03953,21.533333333333335,5.775,12,6,3,0,w,3,2.2332
2015,Arsenal,2015-10-17 20:30:00,Away,2.69046,0.254791,2.69046,0.254791,6.304347826086956,9.384615384615385,16,7,3,0,w,3,2.8451
2015,Arsenal,2015-10-24 20:30:00,Home,2.55754,0.373025,2.55754,0.373025,6.297297297297297,8.0,19,1,2,1,w,3,2.7887999999999997
2015,Arsenal,2015-10-31 19:00:00,Away,2.17657,0.264441,2.17657,0.264441,16.904761904761905,10.782608695652174,5,4,3,0,w,3,2.7231
2015,Arsenal,2015-11-08 20:00:00,Home,2.01767,0.90585,2.01767,0.90585,6.3,9.695652173913043,9,5,1,1,d,1,2.2272000000000003
2015,Arsenal,2015-11-21 19:00:00,Away,2.08956,0.332888,1.32839,0.332888,5.090909090909091,13.241379310344827,11,2,1,2,l,0,2.7051
2015,Arsenal,2015-11-29 20:15:00,Away,1.65699,1.01025,1.65699,1.01025,9.052631578947368,22.5,8,4,1,1,d,1,1.9035000000000002
2015,Arsenal,2015-12-05 19:00:00,Home,2.29559,1.5228,2.29559,1.5228,5.782608695652174,23.5625,11,7,3,1,w,3,1.9329999999999998
2015,Arsenal,2015-12-13 17:30:00,Away,1.68498,1.00876,0.923815,1.00876,10.125,16.68421052631579,11,6,2,0,w,3,1.9622
2015,Arsenal,2015-12-22 00:00:00,Home,1.50109,0.769378,1.50109,0.769378,21.58823529411765,5.794117647058823,5,10,2,1,w,3,2.0007
2015,Arsenal,2015-12-26 23:45:00,Away,0.83106,2.4303,0.83106,2.4303,8.38888888888889,15.476190476190476,7,4,0,4,l,0,0.3264
2015,Arsenal,2015-12-28 21:30:00,Home,3.12958,0.343752,3.12958,0.343752,11.037037037037036,9.96774193548387,11,8,2,0,w,3,2.8878
2015,Arsenal,2016-01-02 19:00:00,Home,1.93025,1.15339,1.93025,1.15339,7.513513513513513,12.428571428571429,18,4,1,0,w,3,1.9698
2015,Arsenal,2016-01-14 00:00:00,Away,2.22912,1.16222,2.22912,1.16222,12.045454545454545,8.636363636363637,7,12,3,3,d,1,2.1941
2015,Arsenal,2016-01-17 20:15:00,Away,0.585841,0.546879,0.585841,0.546879,9.333333333333334,8.9,7,1,0,0,d,1,1.3313000000000001
2015,Arsenal,2016-01-24 20:00:00,Home,1.10907,1.48778,1.10907,1.48778,13.73913043478261,8.0,12,7,0,1,l,0,1.0267
2015,Arsenal,2016-02-02 23:45:00,Home,3.38487,0.93405,3.38487,0.93405,3.21875,6.9,13,5,0,0,d,1,2.7399000000000004
2015,Arsenal,2016-02-07 17:30:00,Away,1.13957,0.584316,1.13957,0.584316,10.958333333333334,8.3,7,12,2,0,w,3,1.8539999999999999
2015,Arsenal,2016-02-14 16:00:00,Home,2.36319,1.31246,2.36319,0.551294,4.857142857142857,9.085714285714285,23,2,2,1,w,3,2.0761000000000003
2015,Arsenal,2016-02-28 18:05:00,Away,1.5435,1.09522,1.5435,1.09522,7.333333333333333,10.15625,4,7,2,3,l,0,1.7287
2015,Arsenal,2016-03-02 23:45:00,Home,1.4928,1.69788,1.4928,1.69788,7.0344827586206895,15.045454545454545,22,1,1,2,l,0,1.1665
2015,Arsenal,2016-03-05 16:45:00,Away,0.543157,1.88378,0.543157,1.88378,7.096774193548387,5.2,6,6,2,2,d,1,0.4219
2015,Arsenal,2016-03-19 16:45:00,Away,1.92384,0.58617,1.92384,0.58617,8.17142857142857,5.594594594594595,9,5,2,0,w,3,2.4606999999999997
2015,Arsenal,2016-04-02 18:00:00,Home,3.00742,0.290619,3.00742,0.290619,7.545454545454546,18.714285714285715,13,4,4,0,w,3,2.9058
2015,Arsenal,2016-04-09 15:45:00,Away,1.46966,1.10973,1.46966,1.10973,9.65,9.516129032258064,15,6,3,3,d,1,1.666
2015,Arsenal,2016-04-17 19:00:00,Home,1.73461,0.275806,1.73461,0.275806,8.944444444444445,16.714285714285715,16,1,1,1,d,1,2.4809
2015,Arsenal,2016-04-21 22:45:00,Home,1.37348,0.839742,1.37348,0.839742,3.838709677419355,14.821428571428571,20,1,2,0,w,3,1.7588
2015,Arsenal,2016-04-24 17:05:00,Away,0.97303,0.617149,0.97303,0.617149,7.8,15.954545454545455,20,3,0,0,d,1,1.6275
2015,Arsenal,2016-04-30 20:30:00,Home,0.781508,0.578781,0.781508,0.578781,7.5625,21.333333333333332,11,3,1,0,w,3,1.4914999999999998
2015,Arsenal,2016-05-08 19:00:00,Away,1.08084,0.75375,1.08084,0.75375,8.615384615384615,4.945945945945946,1,8,2,2,d,1,1.6844
2015,Arsenal,2016-05-15 18:00:00,Home,3.40207,0.222731,3.40207,0.222731,7.1875,24.454545454545453,21,2,4,0,w,3,2.9314000000000004
2015,Swansea,2015-08-08 20:30:00,Away,2.59203,0.64396,1.83086,0.64396,8.833333333333334,10.363636363636363,5,10,2,2,d,1,2.7239999999999998
2015,Swansea,2015-08-15 18:00:00,Home,1.97424,0.113109,1.97424,0.113109,6.235294117647059,34.333333333333336,4,0,2,0,w,3,2.8266999999999998
2015,Swansea,2015-08-22 18:00:00,Away,1.56064,0.569426,1.56064,0.569426,8.578947368421053,10.10344827586207,4,2,1,1,d,1,2.1481
2015,Swansea,2015-08-30 19:00:00,Home,0.971183,1.28089,0.971183,1.28089,15.173913043478262,6.896551724137931,3,9,2,1,w,3,1.0691000000000002
2015,Swansea,2015-09-12 18:00:00,Away,0.503008,1.57333,0.503008,1.57333,6.7,11.25925925925926,8,3,0,1,l,0,0.4894
2015,Swansea,2015-09-19 18:00:00,Home,0.864868,1.77458,0.864868,1.77458,8.576923076923077,9.0,4,12,0,0,d,1,0.7005
2015,Swansea,2015-09-26 18:00:00,Away,1.41962,1.55418,0.658453,1.55418,11.11111111111111,11.703703703703704,4,10,1,3,l,0,1.2779
2015,Swansea,2015-10-04 19:00:00,Home,0.774806,1.18142,0.774806,1.18142,13.857142857142858,7.67741935483871,3,4,2,2,d,1,1.0062
2015,Swansea,2015-10-19 23:00:00,Home,0.485489,1.64894,0.485489,0.88777,16.27777777777778,16.545454545454547,5,6,0,1,l,0,0.3905
2015,Swansea,2015-10-24 18:00:00,Away,1.74353,1.09516,1.74353,1.09516,6.730769230769231,10.36,4,4,2,1,w,3,1.9219999999999997
2015,Swansea,2015-10-31 19:00:00,Home,0.264441,2.17657,0.264441,2.17657,10.782608695652174,16.904761904761905,4,5,0,3,l,0,0.1674
2015,Swansea,2015-11-07 19:00:00,Away,0.402284,1.19517,0.402284,1.19517,10.9375,23.05263157894737,5,4,0,1,l,0,0.5871999999999999
2015,Swansea,2015-11-21 19:00:00,Home,1.88526,1.58509,1.12409,1.58509,9.666666666666666,9.826086956521738,5,11,2,2,d,1,1.6251
2015,Swansea,2015-11-29 20:15:00,Away,0.367517,1.19358,0.367517,0.432412,24.583333333333332,6.641025641025641,1,9,0,1,l,0,0.4827
2015,Swansea,2015-12-05 19:00:00,Home,0.780602,2.20962,0.780602,2.20962,10.157894736842104,13.88,6,5,0,3,l,0,0.4611
2015,Swansea,2015-12-12 19:00:00,Away,0.962789,1.34338,0.962789,1.34338,15.947368421052632,11.931034482758621,5,2,1,2,l,0,1.0433000000000001
2015,Swansea,2015-12-20 20:00:00,Home,0.973378,0.401988,0.973378,0.401988,5.470588235294118,12.151515151515152,10,4,0,0,d,1,1.8319
2015,Swansea,2015-12-26 19:00:00,Home,1.21243,0.554583,1.21243,0.554583,9.238095238095237,9.866666666666667,5,6,1,0,w,3,2.1517
2015,Swansea,2015-12-28 19:00:00,Away,0.169425,0.735185,0.169425,0.735185,13.6,9.789473684210526,1,7,0,0,d,1,0.6407
2015,Swansea,2016-01-02 19:00:00,Away,0.542907,1.74266,0.542907,1.74266,13.88888888888889,10.0,3,10,1,2,l,0,0.5028
2015,Swansea,2016-01-13 23:45:00,Home,1.06526,2.49057,0.304096,2.49057,17.53846153846154,11.478260869565217,7,8,2,4,l,0,0.3028
2015,Swansea,2016-01-19 00:00:00,Home,0.474035,0.525478,0.474035,0.525478,9.2,8.774193548387096,4,4,1,0,w,3,1.2118
2015,Swansea,2016-01-24 17:30:00,Away,1.08055,1.94094,0.319377,1.94094,11.962962962962964,12.2,2,8,2,1,w,3,0.6795
2015,Swansea,2016-02-03 00:00:00,Away,1.17928,2.30645,1.17928,2.30645,5.923076923076923,9.592592592592593,3,7,1,1,d,1,0.6018
2015,Swansea,2016-02-06 19:00:00,Home,1.32136,1.01465,1.32136,1.01465,4.45945945945946,10.0,10,3,1,1,d,1,1.5405
2015,Swansea,2016-02-13 19:00:00,Home,0.699012,1.19353,0.699012,1.19353,7.037037037037037,14.117647058823529,7,4,0,1,l,0,0.9221
2015,Swansea,2016-02-28 18:05:00,Away,1.24938,3.57325,1.24938,3.57325,18.363636363636363,7.739130434782608,3,14,1,2,l,0,0.2495
2015,Swansea,2016-03-02 23:45:00,Away,1.69788,1.4928,1.69788,1.4928,15.045454545454545,7.0344827586206895,1,22,2,1,w,3,1.5619
2015,Swansea,2016-03-05 19:00:00,Home,0.545937,0.580126,0.545937,0.580126,4.4375,9.714285714285714,6,8,1,0,w,3,1.2532
2015,Swansea,2016-03-12 19:00:00,Away,1.09562,0.70756,1.09562,0.70756,5.696969696969697,7.838709677419355,3,4,2,3,l,0,1.7327
2015,Swansea,2016-03-19 21:30:00,Home,0.490469,0.730828,0.490469,0.730828,5.482758620689655,6.725,6,2,1,0,w,3,1.0533000000000001
2015,Swansea,2016-04-02 18:00:00,Away,0.4319,1.17598,0.4319,1.17598,8.724137931034482,15.894736842105264,9,4,2,2,d,1,0.6169
2015,Swansea,2016-04-09 18:00:00,Home,1.9071,1.3003,1.9071,1.3003,8.707317073170731,8.068965517241379,6,9,1,0,w,3,1.8406
2015,Swansea,2016-04-16 18:00:00,Away,0.787081,1.5024,0.787081,1.5024,5.0,16.047619047619047,8,2,0,3,l,0,0.7483
2015,Swansea,2016-04-24 19:15:00,Away,0.576457,3.31579,0.576457,3.31579,4.717948717948718,10.054054054054054,1,4,0,4,l,0,0.0524
2015,Swansea,2016-05-01 15:00:00,Home,2.31862,0.776186,2.31862,0.776186,9.108108108108109,13.05,8,1,3,1,w,3,2.4732
2015,Swansea,2016-05-07 18:00:00,Away,2.47265,2.39454,2.47265,2.39454,16.4,8.074074074074074,14,13,4,1,w,3,1.4230999999999998
2015,Swansea,2016-05-15 18:00:00,Home,0.115604,2.04003,0.115604,2.04003,13.38888888888889,9.548387096774194,1,14,1,1,d,1,0.088
2015,Stoke,2015-08-09 19:00:00,Home,0.381274,0.329873,0.381274,0.329873,11.91304347826087,9.346153846153847,2,5,0,1,l,0,1.29
2015,Stoke,2015-08-15 18:00:00,Away,2.80956,1.70614,2.04843,1.70614,11.607142857142858,10.125,5,1,2,2,d,1,2.1308
2015,Stoke,2015-08-22 18:00:00,Away,0.698228,3.14888,0.698228,3.14888,10.928571428571429,9.633333333333333,2,4,1,1,d,1,0.1481
2015,Stoke,2015-08-29 18:00:00,Home,1.21771,0.881194,1.21771,0.881194,23.88888888888889,8.96774193548387,2,8,0,1,l,0,1.7434999999999998
2015,Stoke,2015-09-12 18:00:00,Away,0.191277,4.42684,0.191277,4.42684,15.904761904761905,6.76,2,20,0,2,l,0,0.0096
2015,Stoke,2015-09-19 18:00:00,Home,1.14717,1.22582,1.14717,0.464652,6.956521739130435,6.0,2,3,2,2,d,1,1.2351
2015,Stoke,2015-09-26 18:00:00,Home,1.94483,0.871678,1.94483,0.871678,10.428571428571429,9.95,3,8,2,1,w,3,2.2383
2015,Stoke,2015-10-03 18:00:00,Away,1.03499,0.839028,1.03499,0.839028,8.32258064516129,7.633333333333334,3,7,1,0,w,3,1.4939999999999998
2015,Stoke,2015-10-19 23:00:00,Away,1.64894,0.485489,0.88777,0.485489,16.545454545454547,16.27777777777778,6,5,1,0,w,3,2.4095000000000004
2015,Stoke,2015-10-24 18:00:00,Home,0.848432,1.0403,0.848432,1.0403,8.142857142857142,13.08695652173913,5,4,0,2,l,0,1.1846
2015,Stoke,2015-10-31 19:00:00,Away,1.38017,1.26075,1.38017,1.26075,9.727272727272727,15.25,2,4,0,0,d,1,1.4868999999999999
2015,Stoke,2015-11-07 21:30:00,Home,0.825418,1.02642,0.825418,1.02642,14.375,5.8,5,13,1,0,w,3,1.1696
2015,Stoke,2015-11-21 19:00:00,Away,1.19495,0.709485,1.19495,0.709485,16.615384615384617,10.19047619047619,3,15,1,0,w,3,1.7678
2015,Stoke,2015-11-28 19:00:00,Away,0.79464,0.863466,0.79464,0.863466,15.6,9.807692307692308,4,6,0,2,l,0,1.3192
2015,Stoke,2015-12-05 16:45:00,Home,2.01436,0.483752,2.01436,0.483752,5.333333333333333,4.625,5,6,2,0,w,3,2.5558
2015,Stoke,2015-12-12 19:00:00,Away,1.87239,1.13181,1.87239,1.13181,10.0,7.241379310344827,7,5,0,0,d,1,1.963
2015,Stoke,2015-12-19 19:00:00,Home,2.41499,1.95347,1.65386,1.1923,8.08695652173913,12.142857142857142,6,1,1,2,l,0,1.6751
2015,Stoke,2015-12-26 16:45:00,Home,1.18211,1.28961,1.18211,1.28961,10.090909090909092,5.84375,4,8,2,0,w,3,1.2398
2015,Stoke,2015-12-28 19:00:00,Away,1.58159,2.2472,0.82042,2.2472,9.366666666666667,10.8,6,14,4,3,w,3,0.8684000000000001
2015,Stoke,2016-01-02 19:00:00,Away,0.917526,1.72318,0.917526,1.72318,8.823529411764707,10.5,7,9,1,2,l,0,0.6978
2015,Stoke,2016-01-13 23:45:00,Home,1.24456,0.193728,1.24456,0.193728,5.151515151515151,32.07692307692308,8,4,3,1,w,3,2.3517
2015,Stoke,2016-01-17 20:15:00,Home,0.546879,0.585841,0.546879,0.585841,8.9,9.333333333333334,1,7,0,0,d,1,1.2344
2015,Stoke,2016-01-23 19:00:00,Away,0.340483,2.25906,0.340483,2.25906,6.8076923076923075,10.91304347826087,3,6,0,3,l,0,0.1709
2015,Stoke,2016-02-03 00:00:00,Away,0.350909,2.45272,0.350909,2.45272,13.25,12.208333333333334,13,10,0,3,l,0,0.1387
2015,Stoke,2016-02-06 19:00:00,Home,0.693548,3.05913,0.693548,2.298,7.217391304347826,13.217391304347826,14,3,0,3,l,0,0.16570000000000001
2015,Stoke,2016-02-13 19:00:00,Away,0.927348,1.19427,0.927348,1.19427,14.285714285714286,8.722222222222221,2,7,3,1,w,3,1.0895000000000001
2015,Stoke,2016-02-27 19:00:00,Home,2.04047,0.414343,1.2793,0.414343,10.529411764705882,11.826086956521738,9,3,2,1,w,3,2.7188
2015,Stoke,2016-03-02 23:45:00,Home,0.298318,0.270782,0.298318,0.270782,5.628571428571429,11.173913043478262,7,4,1,0,w,3,1.2146
2015,Stoke,2016-03-05 19:00:00,Away,1.60285,1.0615,1.60285,1.0615,9.625,9.285714285714286,3,11,1,1,d,1,1.7941
2015,Stoke,2016-03-12 19:00:00,Home,1.06676,0.874966,1.06676,0.874966,6.791666666666667,10.407407407407407,8,7,1,2,l,0,1.5373999999999999
2015,Stoke,2016-03-19 19:00:00,Away,1.58145,0.879462,1.58145,0.879462,7.580645161290323,7.133333333333334,0,5,2,1,w,3,1.9591
2015,Stoke,2016-04-02 18:00:00,Home,1.17598,0.4319,1.17598,0.4319,15.894736842105264,8.724137931034482,4,9,2,2,d,1,2.0941
2015,Stoke,2016-04-10 19:00:00,Away,0.85508,2.21484,0.85508,2.21484,9.142857142857142,8.75,3,1,1,4,l,0,0.4308
2015,Stoke,2016-04-18 23:00:00,Home,0.458376,2.89775,0.458376,2.89775,8.75,8.214285714285714,3,5,0,4,l,0,0.1402
2015,Stoke,2016-04-23 15:45:00,Away,1.09174,2.22482,1.09174,1.46365,15.68421052631579,8.935483870967742,4,10,0,4,l,0,0.5616
2015,Stoke,2016-04-30 18:00:00,Home,0.68487,1.43105,0.68487,0.669882,5.083333333333333,10.19047619047619,6,5,1,1,d,1,0.6757
2015,Stoke,2016-05-07 18:00:00,Away,1.27766,1.31448,1.27766,1.31448,9.19047619047619,5.64,6,7,1,2,l,0,1.3244
2015,Stoke,2016-05-15 18:00:00,Home,0.288737,2.94489,0.288737,2.94489,17.53846153846154,12.055555555555555,4,7,2,1,w,3,0.0723
2015,Newcastle,2015-08-09 16:30:00,Home,1.54613,1.2529,1.54613,1.2529,12.722222222222221,7.0,3,5,2,2,d,1,1.6322999999999999
2015,Newcastle,2015-08-15 18:00:00,Away,0.113109,1.97424,0.113109,1.97424,34.333333333333336,6.235294117647059,0,4,0,2,l,0,0.0961
2015,Newcastle,2015-08-22 15:45:00,Away,0.4384,1.2491,0.4384,1.2491,18.4375,4.709677419354839,1,12,0,0,d,1,0.6493
2015,Newcastle,2015-08-29 15:45:00,Home,0.0319694,2.33948,0.0319694,2.33948,21.823529411764707,5.535714285714286,0,15,0,1,l,0,0.06920000000000001
2015,Newcastle,2015-09-14 23:00:00,Away,0.716599,1.71282,0.716599,1.71282,8.222222222222221,11.72,4,4,0,2,l,0,0.5675
2015,Newcastle,2015-09-19 18:00:00,Home,1.15114,1.33961,1.15114,1.33961,9.444444444444445,7.594594594594595,7,10,1,2,l,0,1.1796000000000002
2015,Newcastle,2015-09-26 20:30:00,Home,0.702109,1.30593,0.702109,1.30593,11.125,4.2,2,8,2,2,d,1,0.8487
2015,Newcastle,2015-10-03 18:00:00,Away,0.980279,3.3346,0.980279,3.3346,22.545454545454547,5.484848484848484,3,14,1,6,l,0,0.20079999999999998
2015,Newcastle,2015-10-18 19:00:00,Home,2.24896,1.34395,2.24896,1.34395,12.526315789473685,7.384615384615385,8,4,6,2,w,3,2.0258000000000003
2015,Newcastle,2015-10-25 16:00:00,Away,1.41744,2.37969,1.41744,1.61852,8.9375,12.35,7,5,0,3,l,0,0.6166
2015,Newcastle,2015-10-31 19:00:00,Home,1.26075,1.38017,1.26075,1.38017,15.25,9.727272727272727,4,2,0,0,d,1,1.2223
2015,Newcastle,2015-11-07 16:45:00,Away,0.504409,1.00427,0.504409,1.00427,14.863636363636363,4.65625,0,7,1,0,w,3,0.9051
2015,Newcastle,2015-11-21 19:00:00,Home,0.372387,3.27478,0.372387,3.27478,9.833333333333334,8.083333333333334,1,12,0,3,l,0,0.042
2015,Newcastle,2015-11-28 19:00:00,Away,0.791299,1.67836,0.791299,1.67836,11.130434782608695,7.68,2,7,1,5,l,0,0.6971
2015,Newcastle,2015-12-06 20:00:00,Home,0.646346,0.999043,0.646346,0.999043,12.08,6.206896551724138,5,8,2,0,w,3,0.9430000000000001
2015,Newcastle,2015-12-13 20:00:00,Away,1.55252,1.03317,1.55252,1.03317,8.592592592592593,5.62962962962963,5,5,2,1,w,3,1.8664999999999998
2015,Newcastle,2015-12-19 21:30:00,Home,1.28189,0.404373,1.28189,0.404373,10.857142857142858,5.758620689655173,6,2,1,1,d,1,2.1677999999999997
2015,Newcastle,2015-12-26 21:30:00,Home,1.35711,1.69923,1.35711,1.69923,13.136363636363637,6.166666666666667,1,13,0,1,l,0,1.1143
2015,Newcastle,2015-12-28 19:00:00,Away,0.456189,2.1039,0.456189,2.1039,10.384615384615385,6.133333333333334,5,11,0,1,l,0,0.32699999999999996
2015,Newcastle,2016-01-02 19:00:00,Away,1.15339,1.93025,1.15339,1.93025,12.428571428571429,7.513513513513513,4,18,0,1,l,0,0.8025
2015,Newcastle,2016-01-12 23:45:00,Home,1.81304,2.36216,1.05187,1.60099,7.884615384615385,12.958333333333334,11,8,3,3,d,1,0.9818
2015,Newcastle,2016-01-16 19:00:00,Home,1.84261,1.08248,1.84261,1.08248,9.035714285714286,11.208333333333334,10,4,2,1,w,3,1.9405
2015,Newcastle,2016-01-23 19:00:00,Away,1.29267,2.58707,1.29267,2.58707,11.666666666666666,5.595238095238095,6,7,1,2,l,0,0.5514
2015,Newcastle,2016-02-03 23:45:00,Away,0.626239,2.48447,0.626239,0.96213,13.6,6.34375,3,7,0,3,l,0,0.1901
2015,Newcastle,2016-02-06 19:00:00,Home,2.41057,0.472556,2.41057,0.472556,4.681818181818182,10.75,11,5,1,0,w,3,2.6630000000000003
2015,Newcastle,2016-02-13 21:30:00,Away,0.430664,2.0858,0.430664,2.0858,13.363636363636363,9.451612903225806,1,12,1,5,l,0,0.2589
2015,Newcastle,2016-03-02 23:45:00,Away,0.270782,0.298318,0.270782,0.298318,11.173913043478262,5.628571428571429,4,7,0,1,l,0,1.1714
2015,Newcastle,2016-03-05 19:00:00,Home,0.833931,1.26853,0.833931,1.26853,7.59375,6.314285714285714,4,9,1,3,l,0,1.0195
2015,Newcastle,2016-03-14 00:00:00,Away,0.518715,0.846771,0.518715,0.846771,12.2,9.807692307692308,7,5,0,1,l,0,1.0086
2015,Newcastle,2016-03-20 17:30:00,Home,0.940593,0.785017,0.940593,0.785017,4.423076923076923,13.263157894736842,3,7,1,1,d,1,1.4725000000000001
2015,Newcastle,2016-04-02 18:00:00,Away,1.46835,1.65216,0.707185,1.65216,9.933333333333334,17.666666666666668,4,8,2,3,l,0,1.1972
2015,Newcastle,2016-04-09 18:00:00,Away,0.165982,1.78477,0.165982,1.78477,21.4,9.62962962962963,1,10,1,3,l,0,0.2152
2015,Newcastle,2016-04-16 18:00:00,Home,1.5024,0.787081,1.5024,0.787081,16.047619047619047,5.0,2,8,3,0,w,3,1.9861
2015,Newcastle,2016-04-19 22:45:00,Home,0.455246,0.522043,0.455246,0.522043,9.153846153846153,7.92,1,5,1,1,d,1,1.2194
2015,Newcastle,2016-04-23 18:00:00,Away,0.253033,0.712881,0.253033,0.712881,9.028571428571428,4.88,3,11,2,2,d,1,0.7888999999999999
2015,Newcastle,2016-04-30 18:00:00,Home,0.53407,1.05079,0.53407,0.289623,8.0,5.7,6,2,1,0,w,3,0.7332
2015,Newcastle,2016-05-07 18:00:00,Away,1.09626,0.0312154,1.09626,0.0312154,7.703703703703703,13.578947368421053,5,0,0,0,d,1,2.3971
2015,Newcastle,2016-05-15 18:00:00,Home,2.42808,0.869082,1.66692,0.869082,15.235294117647058,9.578947368421053,4,13,5,1,w,3,2.4431
2015,Liverpool,2015-08-09 19:00:00,Away,0.329873,0.381274,0.329873,0.381274,9.346153846153847,11.91304347826087,5,2,1,0,w,3,1.1646
2015,Liverpool,2015-08-17 23:00:00,Home,2.15062,0.460805,2.15062,0.460805,6.413793103448276,10.0,9,6,1,0,w,3,2.5810000000000004
2015,Liverpool,2015-08-24 23:00:00,Away,1.29206,1.83755,1.29206,1.83755,10.428571428571429,5.615384615384615,9,14,0,0,d,1,0.9401999999999999
2015,Liverpool,2015-08-29 18:00:00,Home,0.561737,0.97217,0.561737,0.97217,5.9655172413793105,12.090909090909092,12,1,0,3,l,0,0.9286000000000001
2015,Liverpool,2015-09-12 20:30:00,Away,1.02572,1.46206,1.02572,0.700895,14.476190476190476,9.777777777777779,5,4,1,3,l,0,0.8883000000000001
2015,Liverpool,2015-09-20 19:00:00,Home,1.90447,0.556271,1.90447,0.556271,8.863636363636363,15.19047619047619,12,3,1,1,d,1,2.3581000000000003
2015,Liverpool,2015-09-26 18:00:00,Home,1.78331,0.892054,1.78331,0.892054,7.413793103448276,26.416666666666668,11,2,3,2,w,3,2.0297
2015,Liverpool,2015-10-04 16:30:00,Away,1.30844,1.20063,1.30844,1.20063,6.275862068965517,12.823529411764707,12,4,1,1,d,1,1.4352
2015,Liverpool,2015-10-17 15:45:00,Away,0.715892,0.586228,0.715892,0.586228,8.185185185185185,5.605263157894737,3,4,0,0,d,1,1.4575999999999998
2015,Liverpool,2015-10-25 20:15:00,Home,0.682823,1.56383,0.682823,1.56383,10.882352941176471,9.027027027027026,11,9,1,1,d,1,0.5275
2015,Liverpool,2015-10-31 16:45:00,Away,0.839342,0.735762,0.839342,0.735762,6.054054054054054,8.421052631578947,12,2,3,1,w,3,1.3846
2015,Liverpool,2015-11-08 20:00:00,Home,2.15673,0.849281,2.15673,0.849281,5.782608695652174,10.590909090909092,20,1,1,2,l,0,2.2962
2015,Liverpool,2015-11-21 21:30:00,Away,2.61697,1.08612,2.61697,1.08612,8.655172413793103,9.5,8,9,4,1,w,3,2.3954
2015,Liverpool,2015-11-29 20:15:00,Home,1.19358,0.367517,0.432412,0.367517,6.641025641025641,24.583333333333332,9,1,1,0,w,3,2.2632000000000003
2015,Liverpool,2015-12-06 20:00:00,Away,0.999043,0.646346,0.999043,0.646346,6.206896551724138,12.08,8,5,0,2,l,0,1.7065000000000001
2015,Liverpool,2015-12-13 20:00:00,Home,2.12583,0.835885,2.12583,0.835885,6.0,15.578947368421053,13,2,2,2,d,1,2.3003
2015,Liverpool,2015-12-20 17:30:00,Away,0.376313,1.99336,0.376313,1.99336,4.315789473684211,8.838709677419354,9,3,0,3,l,0,0.1901
2015,Liverpool,2015-12-26 19:00:00,Home,1.37933,0.505167,1.37933,0.505167,3.730769230769231,16.41176470588235,10,5,1,0,w,3,2.0829
2015,Liverpool,2015-12-30 23:45:00,Away,1.80743,0.481551,1.80743,0.481551,7.631578947368421,11.052631578947368,11,5,1,0,w,3,2.4042000000000003
2015,Liverpool,2016-01-02 16:45:00,Away,1.86591,2.06737,1.86591,2.06737,5.454545454545454,11.631578947368421,11,3,0,2,l,0,1.2088
2015,Liverpool,2016-01-14 00:00:00,Home,1.16222,2.22912,1.16222,2.22912,8.636363636363637,12.045454545454545,12,7,3,3,d,1,0.6077
2015,Liverpool,2016-01-17 18:05:00,Home,0.952974,0.715703,0.952974,0.715703,9.478260869565217,7.709677419354839,9,2,0,1,l,0,1.4988000000000001
2015,Liverpool,2016-01-23 16:45:00,Away,1.44943,1.03432,1.44943,0.273154,7.782608695652174,8.178571428571429,8,8,5,4,w,3,1.6869
2015,Liverpool,2016-02-02 23:45:00,Away,0.580791,1.34566,0.580791,1.34566,6.045454545454546,10.72,11,0,0,2,l,0,0.658
2015,Liverpool,2016-02-06 19:00:00,Home,1.57712,0.491843,1.57712,0.491843,7.625,15.565217391304348,15,1,2,2,d,1,2.276
2015,Liverpool,2016-02-14 18:05:00,Away,2.00756,0.174868,2.00756,0.174868,6.515151515151516,12.419354838709678,10,2,6,0,w,3,2.7552
2015,Liverpool,2016-03-03 00:00:00,Home,1.16781,0.180318,1.16781,0.180318,5.825,7.678571428571429,5,3,3,0,w,3,2.3266
2015,Liverpool,2016-03-06 17:30:00,Away,2.27087,1.43901,1.5097,1.43901,5.1,13.304347826086957,15,1,2,1,w,3,2.0091
2015,Liverpool,2016-03-20 17:30:00,Away,1.29046,1.56873,1.29046,0.735648,17.53846153846154,9.64,6,10,2,3,l,0,1.1152
2015,Liverpool,2016-04-02 20:30:00,Home,1.37954,1.23579,1.37954,1.23579,7.7105263157894735,7.391304347826087,12,10,1,1,d,1,1.4546000000000001
2015,Liverpool,2016-04-10 19:00:00,Home,2.21484,0.85508,2.21484,0.85508,8.75,9.142857142857142,1,3,4,1,w,3,2.3988
2015,Liverpool,2016-04-17 16:30:00,Away,1.81443,0.85914,1.81443,0.85914,20.733333333333334,8.272727272727273,8,3,2,1,w,3,2.128
2015,Liverpool,2016-04-20 23:00:00,Home,3.24472,0.0886329,3.24472,0.0886329,4.757575757575758,24.0,18,0,4,0,w,3,2.9306
2015,Liverpool,2016-04-23 18:00:00,Home,0.712881,0.253033,0.712881,0.253033,4.88,9.028571428571428,11,3,2,2,d,1,1.7684000000000002
2015,Liverpool,2016-05-01 15:00:00,Away,0.776186,2.31862,0.776186,2.31862,13.05,9.108108108108109,1,8,1,3,l,0,0.3627
2015,Liverpool,2016-05-08 19:00:00,Home,2.38919,0.930803,2.38919,0.930803,4.888888888888889,12.576923076923077,17,6,2,0,w,3,2.3749
2015,Liverpool,2016-05-11 23:00:00,Home,1.83934,0.812268,1.83934,0.812268,8.222222222222221,11.846153846153847,8,3,1,1,d,1,2.1257
2015,Liverpool,2016-05-15 18:00:00,Away,0.419877,1.86869,0.419877,1.86869,4.538461538461538,13.615384615384615,6,3,1,1,d,1,0.2704
2015,Man City,2015-08-10 23:00:00,Away,1.9242,0.435238,1.9242,0.435238,8.08695652173913,23.294117647058822,8,4,3,0,w,3,2.4759
2015,Man City,2015-08-16 19:00:00,Home,2.18579,0.482423,2.18579,0.482423,5.7272727272727275,6.620689655172414,15,6,3,0,w,3,2.5817
2015,Man City,2015-08-23 19:00:00,Away,1.57983,0.579338,1.57983,0.579338,9.36,19.25,9,3,2,0,w,3,2.2001
2015,Man City,2015-08-29 18:00:00,Home,1.52895,0.363603,1.52895,0.363603,10.142857142857142,20.444444444444443,9,1,2,0,w,3,2.3479
2015,Man City,2015-09-12 18:00:00,Away,3.08883,0.743193,3.08883,0.743193,8.583333333333334,8.625,8,2,1,0,w,3,2.8169000000000004
2015,Man City,2015-09-19 20:30:00,Home,2.98465,0.995273,2.98465,0.995273,3.6666666666666665,23.76923076923077,15,3,1,2,l,0,2.6401000000000003
2015,Man City,2015-09-26 15:45:00,Away,1.57842,2.30799,1.57842,2.30799,10.9,5.2894736842105265,17,3,1,4,l,0,0.8832
2015,Man City,2015-10-03 18:00:00,Home,3.3346,0.980279,3.3346,0.980279,5.484848484848484,22.545454545454547,14,3,6,1,w,3,2.7124
2015,Man City,2015-10-17 18:00:00,Home,4.71274,0.173025,4.71274,0.173025,14.31578947368421,14.80952380952381,12,4,5,1,w,3,2.9958
2015,Man City,2015-10-25 18:05:00,Away,0.310718,0.391754,0.310718,0.391754,10.833333333333334,7.0,6,5,0,0,d,1,1.115
2015,Man City,2015-10-31 19:00:00,Home,2.83557,1.17497,1.31323,1.17497,10.0,28.0,12,5,2,1,w,3,2.5945
2015,Man City,2015-11-08 17:30:00,Away,1.53281,0.182741,1.53281,0.182741,6.851851851851852,33.0,12,1,0,0,d,1,2.5875000000000004
2015,Man City,2015-11-21 21:30:00,Home,1.08612,2.61697,1.08612,2.61697,9.5,8.655172413793103,9,8,1,4,l,0,0.4397
2015,Man City,2015-11-28 19:00:00,Home,2.12331,1.24478,2.12331,1.24478,7.472222222222222,9.944444444444445,6,4,3,1,w,3,2.0708
2015,Man City,2015-12-05 16:45:00,Away,0.483752,2.01436,0.483752,2.01436,4.625,5.333333333333333,6,5,0,2,l,0,0.2908
2015,Man City,2015-12-12 19:00:00,Home,1.34338,0.962789,1.34338,0.962789,11.931034482758621,15.947368421052632,2,5,2,1,w,3,1.6751
2015,Man City,2015-12-22 00:00:00,Away,0.769378,1.50109,0.769378,1.50109,5.794117647058823,21.58823529411765,10,5,1,2,l,0,0.7383
2015,Man City,2015-12-26 19:00:00,Home,3.51848,1.08103,2.75731,1.08103,5.9655172413793105,17.25,10,2,4,1,w,3,2.77
2015,Man City,2015-12-29 23:45:00,Away,1.66777,0.810377,1.66777,0.810377,4.642857142857143,11.5,13,4,0,0,d,1,2.0499
2015,Man City,2016-01-02 21:30:00,Away,0.692054,0.985368,0.692054,0.985368,7.875,6.827586206896552,9,5,2,1,w,3,1.0510000000000002
2015,Man City,2016-01-13 23:45:00,Home,1.44957,0.369548,1.44957,0.369548,14.095238095238095,23.555555555555557,17,7,0,0,d,1,2.2523
2015,Man City,2016-01-16 19:00:00,Home,1.74025,0.613339,1.74025,0.613339,5.717948717948718,8.5,10,3,4,0,w,3,2.3095
2015,Man City,2016-01-23 21:30:00,Away,1.73182,1.01267,0.970646,1.01267,7.925925925925926,9.36,9,6,2,2,d,1,1.9595
2015,Man City,2016-02-02 23:45:00,Away,0.638461,0.888437,0.638461,0.888437,6.0344827586206895,6.352941176470588,5,6,1,0,w,3,1.099
2015,Man City,2016-02-06 16:45:00,Home,1.70719,2.50168,1.70719,2.50168,4.44,12.105263157894736,15,6,1,3,l,0,0.8711
2015,Man City,2016-02-14 20:15:00,Home,1.97876,1.23517,1.97876,0.474034,11.642857142857142,7.4,11,2,1,2,l,0,1.9330999999999998
2015,Man City,2016-03-03 00:00:00,Away,0.180318,1.16781,0.180318,1.16781,7.678571428571429,5.825,3,5,0,3,l,0,0.40299999999999997
2015,Man City,2016-03-05 19:00:00,Home,2.83271,0.121136,2.07154,0.121136,5.382352941176471,38.45454545454545,25,2,4,0,w,3,2.916
2015,Man City,2016-03-12 16:45:00,Away,0.557373,0.139743,0.557373,0.139743,6.217391304347826,10.32,10,1,0,0,d,1,1.7062
2015,Man City,2016-03-20 20:00:00,Home,1.86249,0.900312,1.86249,0.900312,8.652173913043478,7.066666666666666,10,3,0,1,l,0,2.0638
2015,Man City,2016-04-02 18:00:00,Away,0.868303,1.3239,0.868303,1.3239,11.461538461538462,10.653846153846153,10,4,4,0,w,3,0.9424
2015,Man City,2016-04-09 20:30:00,Home,2.07325,1.09413,1.31208,1.09413,9.875,10.208333333333334,5,4,2,1,w,3,2.1913
2015,Man City,2016-04-16 20:30:00,Away,2.62768,0.487715,1.86651,0.487715,13.5,9.0,9,5,3,0,w,3,2.7687
2015,Man City,2016-04-19 22:45:00,Away,0.522043,0.455246,0.522043,0.455246,7.92,9.153846153846153,5,1,1,1,d,1,1.3175000000000001
2015,Man City,2016-04-23 15:45:00,Home,2.22482,1.09174,1.46365,1.09174,8.935483870967742,15.68421052631579,10,4,4,0,w,3,2.2431
2015,Man City,2016-05-01 19:30:00,Away,1.12719,2.84362,1.12719,2.84362,5.411764705882353,10.151515151515152,1,10,2,4,l,0,0.27780000000000005
2015,Man City,2016-05-08 19:00:00,Home,0.75375,1.08084,0.75375,1.08084,4.945945945945946,8.615384615384615,8,1,2,2,d,1,1.0034
2015,Man City,2016-05-15 18:00:00,Away,2.04003,0.115604,2.04003,0.115604,9.548387096774194,13.38888888888889,14,1,1,1,d,1,2.8417
2015,Man United,2015-08-08 15:45:00,Home,0.627539,0.6746,0.627539,0.6746,13.826086956521738,8.21875,4,10,1,0,w,3,1.2482
2015,Man United,2015-08-14 22:45:00,Away,0.660404,0.219118,0.660404,0.219118,9.5,10.033333333333333,5,3,1,0,w,3,1.7526
2015,Man United,2015-08-22 15:45:00,Home,1.2491,0.4384,1.2491,0.4384,4.709677419354839,18.4375,12,1,0,0,d,1,2.0587
2015,Man United,2015-08-30 19:00:00,Away,1.28089,0.971183,1.28089,0.971183,6.896551724137931,15.173913043478262,9,3,1,2,l,0,1.6196000000000002
2015,Man United,2015-09-12 20:30:00,Home,1.46206,1.02572,0.700895,1.02572,9.777777777777779,14.476190476190476,4,5,3,1,w,3,1.7937
2015,Man United,2015-09-20 19:00:00,Away,1.65119,1.83663,1.65119,1.83663,12.235294117647058,17.45,4,7,3,2,w,3,1.2403
2015,Man United,2015-09-26 18:00:00,Home,2.8971,0.832139,2.8971,0.832139,6.428571428571429,22.0,6,1,3,0,w,3,2.7659000000000002
2015,Man United,2015-10-04 19:00:00,Away,1.03953,2.16952,1.03953,2.16952,5.775,21.533333333333335,6,12,0,3,l,0,0.558
2015,Man United,2015-10-17 18:00:00,Away,1.47853,0.653457,1.47853,0.653457,11.826086956521738,10.74074074074074,6,5,3,0,w,3,2.0356
2015,Man United,2015-10-25 18:05:00,Home,0.391754,0.310718,0.391754,0.310718,7.0,10.833333333333334,5,6,0,0,d,1,1.3316
2015,Man United,2015-10-31 19:00:00,Away,0.394404,0.939118,0.394404,0.939118,7.428571428571429,9.576923076923077,8,5,0,0,d,1,0.7788999999999999
2015,Man United,2015-11-07 19:00:00,Home,1.2779,0.594031,0.516734,0.594031,7.523809523809524,12.521739130434783,11,1,2,0,w,3,2.0204000000000004
2015,Man United,2015-11-21 16:45:00,Away,1.30264,1.47077,1.30264,0.709602,5.303030303030303,8.214285714285714,8,9,2,1,w,3,1.1819000000000002
2015,Man United,2015-11-28 21:30:00,Away,1.05613,0.876256,1.05613,0.876256,4.782608695652174,15.380952380952381,3,3,1,1,d,1,1.4799000000000002
2015,Man United,2015-12-05 19:00:00,Home,1.76061,1.10206,1.76061,1.10206,9.31578947368421,13.473684210526315,14,2,0,0,d,1,1.8523
2015,Man United,2015-12-12 21:30:00,Away,1.96768,1.05032,1.96768,1.05032,9.545454545454545,8.827586206896552,3,5,1,2,l,0,2.1009
2015,Man United,2015-12-19 19:00:00,Home,1.01394,0.556897,1.01394,0.556897,6.086956521739131,20.357142857142858,7,1,1,2,l,0,1.7428
2015,Man United,2015-12-26 16:45:00,Away,1.28961,1.18211,1.28961,1.18211,5.84375,10.090909090909092,8,4,0,2,l,0,1.4492
2015,Man United,2015-12-28 21:30:00,Home,1.35213,0.900029,1.35213,0.900029,5.0625,23.1875,7,0,0,0,d,1,1.7961
2015,Man United,2016-01-02 19:00:00,Home,1.74266,0.542907,1.74266,0.542907,10.0,13.88888888888889,10,3,2,1,w,3,2.2739999999999996
2015,Man United,2016-01-12 23:45:00,Away,2.36216,1.81304,1.60099,1.05187,12.958333333333334,7.884615384615385,8,11,3,3,d,1,1.7720000000000002
2015,Man United,2016-01-17 18:05:00,Away,0.715703,0.952974,0.715703,0.952974,7.709677419354839,9.478260869565217,2,9,1,0,w,3,1.1394
2015,Man United,2016-01-23 19:00:00,Home,0.187217,0.83591,0.187217,0.83591,10.5,6.935483870967742,3,2,0,1,l,0,0.5912999999999999
2015,Man United,2016-02-03 00:00:00,Home,2.45272,0.350909,2.45272,0.350909,12.208333333333334,13.25,10,13,3,0,w,3,2.7784
2015,Man United,2016-02-07 20:00:00,Away,0.780475,1.61554,0.780475,1.61554,10.578947368421053,11.4375,4,10,1,1,d,1,0.7012
2015,Man United,2016-02-13 16:45:00,Away,0.908296,1.48186,0.908296,1.48186,3.5714285714285716,9.56,9,6,1,2,l,0,0.9279
2015,Man United,2016-02-28 18:05:00,Home,1.09522,1.5435,1.09522,1.5435,10.15625,7.333333333333333,7,4,3,2,w,3,0.988
2015,Man United,2016-03-03 00:00:00,Home,0.786278,2.16484,0.786278,2.16484,5.769230769230769,7.352941176470588,6,2,1,0,w,3,0.46230000000000004
2015,Man United,2016-03-06 20:00:00,Away,0.417622,0.565787,0.417622,0.565787,14.733333333333333,8.178571428571429,1,8,0,1,l,0,1.1231
2015,Man United,2016-03-20 20:00:00,Away,0.900312,1.86249,0.900312,1.86249,7.066666666666666,8.652173913043478,3,10,1,0,w,3,0.6946
2015,Man United,2016-04-03 19:00:00,Home,0.998692,0.755625,0.998692,0.755625,7.242424242424242,10.4,8,4,1,0,w,3,1.6029
2015,Man United,2016-04-10 19:00:00,Away,0.341238,1.79647,0.341238,1.79647,6.961538461538462,5.970588235294118,1,8,0,3,l,0,0.314
2015,Man United,2016-04-16 18:00:00,Home,1.09127,0.262427,1.09127,0.262427,7.863636363636363,21.076923076923077,14,1,1,0,w,3,2.1242
2015,Man United,2016-04-20 23:00:00,Home,1.46607,0.137416,1.46607,0.137416,4.878787878787879,11.72,13,2,2,0,w,3,2.6144000000000003
2015,Man United,2016-05-01 17:05:00,Home,1.18462,1.16622,1.18462,1.16622,3.869565217391304,11.375,10,6,1,1,d,1,1.3436
2015,Man United,2016-05-07 15:45:00,Away,1.48344,1.36825,1.48344,1.36825,4.217391304347826,12.2,12,3,1,0,w,3,1.4469
2015,Man United,2016-05-10 23:30:00,Away,0.635987,2.13311,0.635987,2.13311,5.964285714285714,8.448275862068966,7,8,2,3,l,0,0.36650000000000005
2015,Man United,2016-05-17 23:00:00,Home,1.72109,0.503471,1.72109,0.503471,11.368421052631579,16.38095238095238,14,5,3,1,w,3,2.3669999999999995
2015,Watford,2015-08-08 18:00:00,Away,0.557892,0.604226,0.557892,0.604226,17.157894736842106,6.65,4,5,2,2,d,1,1.2362
2015,Watford,2015-08-15 18:00:00,Home,0.760848,0.684036,0.760848,0.684036,5.9523809523809526,11.5,3,4,0,0,d,1,1.3677000000000001
2015,Watford,2015-08-23 19:00:00,Home,1.17588,0.68359,1.17588,0.68359,9.045454545454545,7.407407407407407,2,2,0,0,d,1,1.8805000000000003
2015,Watford,2015-08-29 18:00:00,Away,0.363603,1.52895,0.363603,1.52895,20.444444444444443,10.142857142857142,1,9,0,2,l,0,0.4264
2015,Watford,2015-09-12 18:00:00,Home,1.57333,0.503008,1.57333,0.503008,11.25925925925926,6.7,3,8,1,0,w,3,2.2813
2015,Watford,2015-09-19 18:00:00,Away,1.33961,1.15114,1.33961,1.15114,7.594594594594595,9.444444444444445,10,7,2,1,w,3,1.5192
2015,Watford,2015-09-27 19:00:00,Home,0.685939,2.33566,0.685939,1.57449,9.625,8.772727272727273,9,2,0,1,l,0,0.3142
2015,Watford,2015-10-03 18:00:00,Away,0.913291,1.50268,0.913291,0.741506,9.884615384615385,11.944444444444445,3,1,1,1,d,1,0.8079999999999999
2015,Watford,2015-10-17 20:30:00,Home,0.254791,2.69046,0.254791,2.69046,9.384615384615385,6.304347826086956,7,16,0,3,l,0,0.092
2015,Watford,2015-10-24 18:00:00,Away,1.0403,0.848432,1.0403,0.848432,13.08695652173913,8.142857142857142,4,5,2,0,w,3,1.4846
2015,Watford,2015-10-31 19:00:00,Home,1.61544,0.605625,1.61544,0.605625,10.16,9.95,7,2,2,0,w,3,2.1506000000000003
2015,Watford,2015-11-07 19:00:00,Away,1.00531,1.56389,0.244137,0.802721,9.764705882352942,10.551724137931034,3,0,1,2,l,0,0.8251
2015,Watford,2015-11-21 16:45:00,Home,1.47077,1.30264,0.709602,1.30264,8.214285714285714,5.303030303030303,9,8,1,2,l,0,1.5206
2015,Watford,2015-11-28 19:00:00,Away,1.45176,1.48969,1.45176,1.48969,9.75,5.055555555555555,7,6,3,2,w,3,1.3162
2015,Watford,2015-12-05 19:00:00,Home,2.07199,0.310524,1.31082,0.310524,10.5625,13.0,10,3,2,0,w,3,2.7098
2015,Watford,2015-12-12 19:00:00,Away,2.0562,0.879474,2.0562,0.879474,10.047619047619047,16.692307692307693,4,8,1,0,w,3,2.2318
2015,Watford,2015-12-20 17:30:00,Home,1.99336,0.376313,1.99336,0.376313,8.838709677419354,4.315789473684211,3,9,3,0,w,3,2.7058999999999997
2015,Watford,2015-12-26 19:00:00,Away,1.667,2.09356,0.905834,1.33239,9.892857142857142,8.045454545454545,1,12,2,2,d,1,1.0697
2015,Watford,2015-12-28 19:00:00,Home,1.13011,0.527248,1.13011,0.527248,9.666666666666666,4.620689655172414,4,2,1,2,l,0,2.0271
2015,Watford,2016-01-02 21:30:00,Home,0.985368,0.692054,0.985368,0.692054,6.827586206896552,7.875,5,9,1,2,l,0,1.6189
2015,Watford,2016-01-13 23:45:00,Away,0.11543,1.7224,0.11543,1.7224,14.733333333333333,9.161290322580646,1,4,0,2,l,0,0.2107
2015,Watford,2016-01-19 00:00:00,Away,0.525478,0.474035,0.525478,0.474035,8.774193548387096,9.2,4,4,0,1,l,0,1.3249
2015,Watford,2016-01-23 19:00:00,Home,2.58707,1.29267,2.58707,1.29267,5.595238095238095,11.666666666666666,7,6,2,1,w,3,2.2647
2015,Watford,2016-02-03 23:45:00,Home,0.531415,1.13694,0.531415,1.13694,8.675675675675675,8.724137931034482,3,13,0,0,d,1,0.7762
2015,Watford,2016-02-06 19:00:00,Away,0.149839,2.00475,0.149839,2.00475,13.590909090909092,4.655172413793103,3,12,0,1,l,0,0.17609999999999998
2015,Watford,2016-02-13 19:00:00,Away,1.99728,0.983946,1.23611,0.983946,5.416666666666667,5.826086956521739,4,2,2,1,w,3,2.2432
2015,Watford,2016-02-27 19:00:00,Home,1.00481,0.955252,1.00481,0.955252,7.25,4.862068965517241,3,3,0,0,d,1,1.3525
2015,Watford,2016-03-03 00:00:00,Away,2.16484,0.786278,2.16484,0.786278,7.352941176470588,5.769230769230769,2,6,0,1,l,0,2.3661000000000003
2015,Watford,2016-03-05 21:30:00,Home,0.829318,1.47042,0.829318,1.47042,8.695652173913043,7.655172413793103,10,5,0,1,l,0,0.8405
2015,Watford,2016-03-19 19:00:00,Home,0.879462,1.58145,0.879462,1.58145,7.133333333333334,7.580645161290323,5,0,1,2,l,0,0.7666
2015,Watford,2016-04-02 18:00:00,Away,0.290619,3.00742,0.290619,3.00742,18.714285714285715,7.545454545454546,4,13,0,4,l,0,0.055799999999999995
2015,Watford,2016-04-09 18:00:00,Home,0.408379,1.59979,0.408379,1.59979,11.652173913043478,8.588235294117647,8,3,1,1,d,1,0.41969999999999996
2015,Watford,2016-04-16 18:00:00,Away,0.364852,2.2915,0.364852,0.751531,9.142857142857142,6.37037037037037,3,7,1,0,w,3,0.1376
2015,Watford,2016-04-20 22:45:00,Away,1.22333,3.96294,0.462162,2.4406,6.323529411764706,7.111111111111111,5,8,1,3,l,0,0.10569999999999999
2015,Watford,2016-04-30 18:00:00,Home,1.36255,0.491793,1.36255,0.491793,6.538461538461538,17.88888888888889,10,1,3,2,w,3,2.0728
2015,Watford,2016-05-08 19:00:00,Away,0.930803,2.38919,0.930803,2.38919,12.576923076923077,4.888888888888889,6,17,0,2,l,0,0.4576
2015,Watford,2016-05-11 22:45:00,Away,1.7686,2.41871,1.7686,2.41871,7.34375,7.869565217391305,7,12,2,4,l,0,0.9096
2015,Watford,2016-05-15 18:00:00,Home,1.95277,0.908817,1.1916,0.908817,8.15,8.952380952380953,9,7,2,2,d,1,2.1883999999999997
